
########## DOGRULAMA 2025-11-30 ##########
  TABAN (dis veri yok)       oz  52 tur  143 RMSLE 0.9416 soguk 1.8527 sicak 0.6901 | karisik 1.0637  (106s)
  A sicaklik                 oz  85 tur  193 RMSLE 0.9238 soguk 1.8290 sicak 0.6722 | karisik 1.0454  (159s)
  B gunes/gun uzunlugu       oz  65 tur  150 RMSLE 0.9422 soguk 1.8492 sicak 0.6926 | karisik 1.0636  (196s)
  C nem/toprak/yagis         oz  87 tur  153 RMSLE 0.9327 soguk 1.8302 sicak 0.6857 | karisik 1.0528  (236s)
  D statik ilce              oz  89 tur  145 RMSLE 0.9443 soguk 1.8439 sicak 0.6982 | karisik 1.0644  (280s)
  E turizm/su                oz  61 tur  135 RMSLE 0.9411 soguk 1.8444 sicak 0.6930 | karisik 1.0619  (312s)
  G trafo x sicaklik         oz  58 tur  135 RMSLE 0.9366 soguk 1.8373 sicak 0.6889 | karisik 1.0571  (340s)
C:\Users\Cem\Desktop\Datahon_Laptop\Grid-Up-Datathon---TasnifX\experiments\model29\m61_hava.py:372: PerformanceWarning: DataFrame is highly fragmented.  This is usually the result of calling `frame.insert` many times, which has poor performance.  Consider joining all columns at once using pd.concat(axis=1) instead. To get a de-fragmented frame, use `newframe = frame.copy()`
  X[c] = s[c].to_numpy(dtype=np.float32)
C:\Users\Cem\Desktop\Datahon_Laptop\Grid-Up-Datathon---TasnifX\experiments\model29\m61_hava.py:372: PerformanceWarning: DataFrame is highly fragmented.  This is usually the result of calling `frame.insert` many times, which has poor performance.  Consider joining all columns at once using pd.concat(axis=1) instead. To get a de-fragmented frame, use `newframe = frame.copy()`
  X[c] = s[c].to_numpy(dtype=np.float32)
C:\Users\Cem\Desktop\Datahon_Laptop\Grid-Up-Datathon---TasnifX\experiments\model29\m61_hava.py:372: PerformanceWarning: DataFrame is highly fragmented.  This is usually the result of calling `frame.insert` many times, which has poor performance.  Consider joining all columns at once using pd.concat(axis=1) instead. To get a de-fragmented frame, use `newframe = frame.copy()`
  X[c] = s[c].to_numpy(dtype=np.float32)
C:\Users\Cem\Desktop\Datahon_Laptop\Grid-Up-Datathon---TasnifX\experiments\model29\m61_hava.py:372: PerformanceWarning: DataFrame is highly fragmented.  This is usually the result of calling `frame.insert` many times, which has poor performance.  Consider joining all columns at once using pd.concat(axis=1) instead. To get a de-fragmented frame, use `newframe = frame.copy()`
  X[c] = s[c].to_numpy(dtype=np.float32)
C:\Users\Cem\Desktop\Datahon_Laptop\Grid-Up-Datathon---TasnifX\experiments\model29\m61_hava.py:372: PerformanceWarning: DataFrame is highly fragmented.  This is usually the result of calling `frame.insert` many times, which has poor performance.  Consider joining all columns at once using pd.concat(axis=1) instead. To get a de-fragmented frame, use `newframe = frame.copy()`
  X[c] = s[c].to_numpy(dtype=np.float32)
C:\Users\Cem\Desktop\Datahon_Laptop\Grid-Up-Datathon---TasnifX\experiments\model29\m61_hava.py:372: PerformanceWarning: DataFrame is highly fragmented.  This is usually the result of calling `frame.insert` many times, which has poor performance.  Consider joining all columns at once using pd.concat(axis=1) instead. To get a de-fragmented frame, use `newframe = frame.copy()`
  X[c] = s[c].to_numpy(dtype=np.float32)
C:\Users\Cem\Desktop\Datahon_Laptop\Grid-Up-Datathon---TasnifX\experiments\model29\m61_hava.py:372: PerformanceWarning: DataFrame is highly fragmented.  This is usually the result of calling `frame.insert` many times, which has poor performance.  Consider joining all columns at once using pd.concat(axis=1) instead. To get a de-fragmented frame, use `newframe = frame.copy()`
  X[c] = s[c].to_numpy(dtype=np.float32)
C:\Users\Cem\Desktop\Datahon_Laptop\Grid-Up-Datathon---TasnifX\experiments\model29\m61_hava.py:372: PerformanceWarning: DataFrame is highly fragmented.  This is usually the result of calling `frame.insert` many times, which has poor performance.  Consider joining all columns at once using pd.concat(axis=1) instead. To get a de-fragmented frame, use `newframe = frame.copy()`
  X[c] = s[c].to_numpy(dtype=np.float32)
C:\Users\Cem\Desktop\Datahon_Laptop\Grid-Up-Datathon---TasnifX\experiments\model29\m61_hava.py:372: PerformanceWarning: DataFrame is highly fragmented.  This is usually the result of calling `frame.insert` many times, which has poor performance.  Consider joining all columns at once using pd.concat(axis=1) instead. To get a de-fragmented frame, use `newframe = frame.copy()`
  X[c] = s[c].to_numpy(dtype=np.float32)
C:\Users\Cem\Desktop\Datahon_Laptop\Grid-Up-Datathon---TasnifX\experiments\model29\m61_hava.py:372: PerformanceWarning: DataFrame is highly fragmented.  This is usually the result of calling `frame.insert` many times, which has poor performance.  Consider joining all columns at once using pd.concat(axis=1) instead. To get a de-fragmented frame, use `newframe = frame.copy()`
  X[c] = s[c].to_numpy(dtype=np.float32)
C:\Users\Cem\Desktop\Datahon_Laptop\Grid-Up-Datathon---TasnifX\experiments\model29\m61_hava.py:372: PerformanceWarning: DataFrame is highly fragmented.  This is usually the result of calling `frame.insert` many times, which has poor performance.  Consider joining all columns at once using pd.concat(axis=1) instead. To get a de-fragmented frame, use `newframe = frame.copy()`
  X[c] = s[c].to_numpy(dtype=np.float32)
C:\Users\Cem\Desktop\Datahon_Laptop\Grid-Up-Datathon---TasnifX\experiments\model29\m61_hava.py:372: PerformanceWarning: DataFrame is highly fragmented.  This is usually the result of calling `frame.insert` many times, which has poor performance.  Consider joining all columns at once using pd.concat(axis=1) instead. To get a de-fragmented frame, use `newframe = frame.copy()`
  X[c] = s[c].to_numpy(dtype=np.float32)
C:\Users\Cem\Desktop\Datahon_Laptop\Grid-Up-Datathon---TasnifX\experiments\model29\m61_hava.py:372: PerformanceWarning: DataFrame is highly fragmented.  This is usually the result of calling `frame.insert` many times, which has poor performance.  Consider joining all columns at once using pd.concat(axis=1) instead. To get a de-fragmented frame, use `newframe = frame.copy()`
  X[c] = s[c].to_numpy(dtype=np.float32)
C:\Users\Cem\Desktop\Datahon_Laptop\Grid-Up-Datathon---TasnifX\experiments\model29\m61_hava.py:372: PerformanceWarning: DataFrame is highly fragmented.  This is usually the result of calling `frame.insert` many times, which has poor performance.  Consider joining all columns at once using pd.concat(axis=1) instead. To get a de-fragmented frame, use `newframe = frame.copy()`
  X[c] = s[c].to_numpy(dtype=np.float32)
C:\Users\Cem\Desktop\Datahon_Laptop\Grid-Up-Datathon---TasnifX\experiments\model29\m61_hava.py:372: PerformanceWarning: DataFrame is highly fragmented.  This is usually the result of calling `frame.insert` many times, which has poor performance.  Consider joining all columns at once using pd.concat(axis=1) instead. To get a de-fragmented frame, use `newframe = frame.copy()`
  X[c] = s[c].to_numpy(dtype=np.float32)
C:\Users\Cem\Desktop\Datahon_Laptop\Grid-Up-Datathon---TasnifX\experiments\model29\m61_hava.py:372: PerformanceWarning: DataFrame is highly fragmented.  This is usually the result of calling `frame.insert` many times, which has poor performance.  Consider joining all columns at once using pd.concat(axis=1) instead. To get a de-fragmented frame, use `newframe = frame.copy()`
  X[c] = s[c].to_numpy(dtype=np.float32)
C:\Users\Cem\Desktop\Datahon_Laptop\Grid-Up-Datathon---TasnifX\experiments\model29\m61_hava.py:372: PerformanceWarning: DataFrame is highly fragmented.  This is usually the result of calling `frame.insert` many times, which has poor performance.  Consider joining all columns at once using pd.concat(axis=1) instead. To get a de-fragmented frame, use `newframe = frame.copy()`
  X[c] = s[c].to_numpy(dtype=np.float32)
C:\Users\Cem\Desktop\Datahon_Laptop\Grid-Up-Datathon---TasnifX\experiments\model29\m61_hava.py:372: PerformanceWarning: DataFrame is highly fragmented.  This is usually the result of calling `frame.insert` many times, which has poor performance.  Consider joining all columns at once using pd.concat(axis=1) instead. To get a de-fragmented frame, use `newframe = frame.copy()`
  X[c] = s[c].to_numpy(dtype=np.float32)
C:\Users\Cem\Desktop\Datahon_Laptop\Grid-Up-Datathon---TasnifX\experiments\model29\m61_hava.py:372: PerformanceWarning: DataFrame is highly fragmented.  This is usually the result of calling `frame.insert` many times, which has poor performance.  Consider joining all columns at once using pd.concat(axis=1) instead. To get a de-fragmented frame, use `newframe = frame.copy()`
  X[c] = s[c].to_numpy(dtype=np.float32)
C:\Users\Cem\Desktop\Datahon_Laptop\Grid-Up-Datathon---TasnifX\experiments\model29\m61_hava.py:372: PerformanceWarning: DataFrame is highly fragmented.  This is usually the result of calling `frame.insert` many times, which has poor performance.  Consider joining all columns at once using pd.concat(axis=1) instead. To get a de-fragmented frame, use `newframe = frame.copy()`
  X[c] = s[c].to_numpy(dtype=np.float32)
C:\Users\Cem\Desktop\Datahon_Laptop\Grid-Up-Datathon---TasnifX\experiments\model29\m61_hava.py:373: PerformanceWarning: DataFrame is highly fragmented.  This is usually the result of calling `frame.insert` many times, which has poor performance.  Consider joining all columns at once using pd.concat(axis=1) instead. To get a de-fragmented frame, use `newframe = frame.copy()`
  X["d_guc_payi"] = (X.guc / X["d_ilce_toplam_guc"]).astype(np.float32)
C:\Users\Cem\Desktop\Datahon_Laptop\Grid-Up-Datathon---TasnifX\experiments\model29\m61_hava.py:374: PerformanceWarning: DataFrame is highly fragmented.  This is usually the result of calling `frame.insert` many times, which has poor performance.  Consider joining all columns at once using pd.concat(axis=1) instead. To get a de-fragmented frame, use `newframe = frame.copy()`
  X["d_guc_medyan_orani"] = (X.guc / X["d_ilce_guc_medyan"]).astype(np.float32)
C:\Users\Cem\Desktop\Datahon_Laptop\Grid-Up-Datathon---TasnifX\experiments\model29\m61_hava.py:380: PerformanceWarning: DataFrame is highly fragmented.  This is usually the result of calling `frame.insert` many times, which has poor performance.  Consider joining all columns at once using pd.concat(axis=1) instead. To get a de-fragmented frame, use `newframe = frame.copy()`
  X[c] = d[c].to_numpy(dtype=np.float32)
C:\Users\Cem\Desktop\Datahon_Laptop\Grid-Up-Datathon---TasnifX\experiments\model29\m61_hava.py:380: PerformanceWarning: DataFrame is highly fragmented.  This is usually the result of calling `frame.insert` many times, which has poor performance.  Consider joining all columns at once using pd.concat(axis=1) instead. To get a de-fragmented frame, use `newframe = frame.copy()`
  X[c] = d[c].to_numpy(dtype=np.float32)
C:\Users\Cem\Desktop\Datahon_Laptop\Grid-Up-Datathon---TasnifX\experiments\model29\m61_hava.py:380: PerformanceWarning: DataFrame is highly fragmented.  This is usually the result of calling `frame.insert` many times, which has poor performance.  Consider joining all columns at once using pd.concat(axis=1) instead. To get a de-fragmented frame, use `newframe = frame.copy()`
  X[c] = d[c].to_numpy(dtype=np.float32)
C:\Users\Cem\Desktop\Datahon_Laptop\Grid-Up-Datathon---TasnifX\experiments\model29\m61_hava.py:380: PerformanceWarning: DataFrame is highly fragmented.  This is usually the result of calling `frame.insert` many times, which has poor performance.  Consider joining all columns at once using pd.concat(axis=1) instead. To get a de-fragmented frame, use `newframe = frame.copy()`
  X[c] = d[c].to_numpy(dtype=np.float32)
C:\Users\Cem\Desktop\Datahon_Laptop\Grid-Up-Datathon---TasnifX\experiments\model29\m61_hava.py:380: PerformanceWarning: DataFrame is highly fragmented.  This is usually the result of calling `frame.insert` many times, which has poor performance.  Consider joining all columns at once using pd.concat(axis=1) instead. To get a de-fragmented frame, use `newframe = frame.copy()`
  X[c] = d[c].to_numpy(dtype=np.float32)
C:\Users\Cem\Desktop\Datahon_Laptop\Grid-Up-Datathon---TasnifX\experiments\model29\m61_hava.py:383: PerformanceWarning: DataFrame is highly fragmented.  This is usually the result of calling `frame.insert` many times, which has poor performance.  Consider joining all columns at once using pd.concat(axis=1) instead. To get a de-fragmented frame, use `newframe = frame.copy()`
  X[c] = g[c].to_numpy(dtype=np.float32)
C:\Users\Cem\Desktop\Datahon_Laptop\Grid-Up-Datathon---TasnifX\experiments\model29\m61_hava.py:383: PerformanceWarning: DataFrame is highly fragmented.  This is usually the result of calling `frame.insert` many times, which has poor performance.  Consider joining all columns at once using pd.concat(axis=1) instead. To get a de-fragmented frame, use `newframe = frame.copy()`
  X[c] = g[c].to_numpy(dtype=np.float32)
C:\Users\Cem\Desktop\Datahon_Laptop\Grid-Up-Datathon---TasnifX\experiments\model29\m61_hava.py:387: PerformanceWarning: DataFrame is highly fragmented.  This is usually the result of calling `frame.insert` many times, which has poor performance.  Consider joining all columns at once using pd.concat(axis=1) instead. To get a de-fragmented frame, use `newframe = frame.copy()`
  X[c] = s[c].to_numpy(dtype=np.float32)
C:\Users\Cem\Desktop\Datahon_Laptop\Grid-Up-Datathon---TasnifX\experiments\model29\m61_hava.py:387: PerformanceWarning: DataFrame is highly fragmented.  This is usually the result of calling `frame.insert` many times, which has poor performance.  Consider joining all columns at once using pd.concat(axis=1) instead. To get a de-fragmented frame, use `newframe = frame.copy()`
  X[c] = s[c].to_numpy(dtype=np.float32)
C:\Users\Cem\Desktop\Datahon_Laptop\Grid-Up-Datathon---TasnifX\experiments\model29\m61_hava.py:390: PerformanceWarning: DataFrame is highly fragmented.  This is usually the result of calling `frame.insert` many times, which has poor performance.  Consider joining all columns at once using pd.concat(axis=1) instead. To get a de-fragmented frame, use `newframe = frame.copy()`
  X[c] = meta.tanim.map(eg[c]).to_numpy(dtype=np.float32)
C:\Users\Cem\Desktop\Datahon_Laptop\Grid-Up-Datathon---TasnifX\experiments\model29\m61_hava.py:390: PerformanceWarning: DataFrame is highly fragmented.  This is usually the result of calling `frame.insert` many times, which has poor performance.  Consider joining all columns at once using pd.concat(axis=1) instead. To get a de-fragmented frame, use `newframe = frame.copy()`
  X[c] = meta.tanim.map(eg[c]).to_numpy(dtype=np.float32)
C:\Users\Cem\Desktop\Datahon_Laptop\Grid-Up-Datathon---TasnifX\experiments\model29\m61_hava.py:391: PerformanceWarning: DataFrame is highly fragmented.  This is usually the result of calling `frame.insert` many times, which has poor performance.  Consider joining all columns at once using pd.concat(axis=1) instead. To get a de-fragmented frame, use `newframe = frame.copy()`
  X["t_cdd_etki"] = (X.t_egim_cdd22 * X.cdd22_ort7).astype(np.float32)
C:\Users\Cem\Desktop\Datahon_Laptop\Grid-Up-Datathon---TasnifX\experiments\model29\m61_hava.py:392: PerformanceWarning: DataFrame is highly fragmented.  This is usually the result of calling `frame.insert` many times, which has poor performance.  Consider joining all columns at once using pd.concat(axis=1) instead. To get a de-fragmented frame, use `newframe = frame.copy()`
  X["t_hdd_etki"] = (X.t_egim_hdd18 * X.hdd18_ort7).astype(np.float32)
C:\Users\Cem\Desktop\Datahon_Laptop\Grid-Up-Datathon---TasnifX\experiments\model29\m61_hava.py:372: PerformanceWarning: DataFrame is highly fragmented.  This is usually the result of calling `frame.insert` many times, which has poor performance.  Consider joining all columns at once using pd.concat(axis=1) instead. To get a de-fragmented frame, use `newframe = frame.copy()`
  X[c] = s[c].to_numpy(dtype=np.float32)
C:\Users\Cem\Desktop\Datahon_Laptop\Grid-Up-Datathon---TasnifX\experiments\model29\m61_hava.py:372: PerformanceWarning: DataFrame is highly fragmented.  This is usually the result of calling `frame.insert` many times, which has poor performance.  Consider joining all columns at once using pd.concat(axis=1) instead. To get a de-fragmented frame, use `newframe = frame.copy()`
  X[c] = s[c].to_numpy(dtype=np.float32)
C:\Users\Cem\Desktop\Datahon_Laptop\Grid-Up-Datathon---TasnifX\experiments\model29\m61_hava.py:372: PerformanceWarning: DataFrame is highly fragmented.  This is usually the result of calling `frame.insert` many times, which has poor performance.  Consider joining all columns at once using pd.concat(axis=1) instead. To get a de-fragmented frame, use `newframe = frame.copy()`
  X[c] = s[c].to_numpy(dtype=np.float32)
C:\Users\Cem\Desktop\Datahon_Laptop\Grid-Up-Datathon---TasnifX\experiments\model29\m61_hava.py:372: PerformanceWarning: DataFrame is highly fragmented.  This is usually the result of calling `frame.insert` many times, which has poor performance.  Consider joining all columns at once using pd.concat(axis=1) instead. To get a de-fragmented frame, use `newframe = frame.copy()`
  X[c] = s[c].to_numpy(dtype=np.float32)
C:\Users\Cem\Desktop\Datahon_Laptop\Grid-Up-Datathon---TasnifX\experiments\model29\m61_hava.py:372: PerformanceWarning: DataFrame is highly fragmented.  This is usually the result of calling `frame.insert` many times, which has poor performance.  Consider joining all columns at once using pd.concat(axis=1) instead. To get a de-fragmented frame, use `newframe = frame.copy()`
  X[c] = s[c].to_numpy(dtype=np.float32)
C:\Users\Cem\Desktop\Datahon_Laptop\Grid-Up-Datathon---TasnifX\experiments\model29\m61_hava.py:372: PerformanceWarning: DataFrame is highly fragmented.  This is usually the result of calling `frame.insert` many times, which has poor performance.  Consider joining all columns at once using pd.concat(axis=1) instead. To get a de-fragmented frame, use `newframe = frame.copy()`
  X[c] = s[c].to_numpy(dtype=np.float32)
C:\Users\Cem\Desktop\Datahon_Laptop\Grid-Up-Datathon---TasnifX\experiments\model29\m61_hava.py:372: PerformanceWarning: DataFrame is highly fragmented.  This is usually the result of calling `frame.insert` many times, which has poor performance.  Consider joining all columns at once using pd.concat(axis=1) instead. To get a de-fragmented frame, use `newframe = frame.copy()`
  X[c] = s[c].to_numpy(dtype=np.float32)
C:\Users\Cem\Desktop\Datahon_Laptop\Grid-Up-Datathon---TasnifX\experiments\model29\m61_hava.py:372: PerformanceWarning: DataFrame is highly fragmented.  This is usually the result of calling `frame.insert` many times, which has poor performance.  Consider joining all columns at once using pd.concat(axis=1) instead. To get a de-fragmented frame, use `newframe = frame.copy()`
  X[c] = s[c].to_numpy(dtype=np.float32)
C:\Users\Cem\Desktop\Datahon_Laptop\Grid-Up-Datathon---TasnifX\experiments\model29\m61_hava.py:372: PerformanceWarning: DataFrame is highly fragmented.  This is usually the result of calling `frame.insert` many times, which has poor performance.  Consider joining all columns at once using pd.concat(axis=1) instead. To get a de-fragmented frame, use `newframe = frame.copy()`
  X[c] = s[c].to_numpy(dtype=np.float32)
C:\Users\Cem\Desktop\Datahon_Laptop\Grid-Up-Datathon---TasnifX\experiments\model29\m61_hava.py:372: PerformanceWarning: DataFrame is highly fragmented.  This is usually the result of calling `frame.insert` many times, which has poor performance.  Consider joining all columns at once using pd.concat(axis=1) instead. To get a de-fragmented frame, use `newframe = frame.copy()`
  X[c] = s[c].to_numpy(dtype=np.float32)
C:\Users\Cem\Desktop\Datahon_Laptop\Grid-Up-Datathon---TasnifX\experiments\model29\m61_hava.py:372: PerformanceWarning: DataFrame is highly fragmented.  This is usually the result of calling `frame.insert` many times, which has poor performance.  Consider joining all columns at once using pd.concat(axis=1) instead. To get a de-fragmented frame, use `newframe = frame.copy()`
  X[c] = s[c].to_numpy(dtype=np.float32)
C:\Users\Cem\Desktop\Datahon_Laptop\Grid-Up-Datathon---TasnifX\experiments\model29\m61_hava.py:372: PerformanceWarning: DataFrame is highly fragmented.  This is usually the result of calling `frame.insert` many times, which has poor performance.  Consider joining all columns at once using pd.concat(axis=1) instead. To get a de-fragmented frame, use `newframe = frame.copy()`
  X[c] = s[c].to_numpy(dtype=np.float32)
C:\Users\Cem\Desktop\Datahon_Laptop\Grid-Up-Datathon---TasnifX\experiments\model29\m61_hava.py:372: PerformanceWarning: DataFrame is highly fragmented.  This is usually the result of calling `frame.insert` many times, which has poor performance.  Consider joining all columns at once using pd.concat(axis=1) instead. To get a de-fragmented frame, use `newframe = frame.copy()`
  X[c] = s[c].to_numpy(dtype=np.float32)
C:\Users\Cem\Desktop\Datahon_Laptop\Grid-Up-Datathon---TasnifX\experiments\model29\m61_hava.py:372: PerformanceWarning: DataFrame is highly fragmented.  This is usually the result of calling `frame.insert` many times, which has poor performance.  Consider joining all columns at once using pd.concat(axis=1) instead. To get a de-fragmented frame, use `newframe = frame.copy()`
  X[c] = s[c].to_numpy(dtype=np.float32)
C:\Users\Cem\Desktop\Datahon_Laptop\Grid-Up-Datathon---TasnifX\experiments\model29\m61_hava.py:372: PerformanceWarning: DataFrame is highly fragmented.  This is usually the result of calling `frame.insert` many times, which has poor performance.  Consider joining all columns at once using pd.concat(axis=1) instead. To get a de-fragmented frame, use `newframe = frame.copy()`
  X[c] = s[c].to_numpy(dtype=np.float32)
C:\Users\Cem\Desktop\Datahon_Laptop\Grid-Up-Datathon---TasnifX\experiments\model29\m61_hava.py:372: PerformanceWarning: DataFrame is highly fragmented.  This is usually the result of calling `frame.insert` many times, which has poor performance.  Consider joining all columns at once using pd.concat(axis=1) instead. To get a de-fragmented frame, use `newframe = frame.copy()`
  X[c] = s[c].to_numpy(dtype=np.float32)
C:\Users\Cem\Desktop\Datahon_Laptop\Grid-Up-Datathon---TasnifX\experiments\model29\m61_hava.py:372: PerformanceWarning: DataFrame is highly fragmented.  This is usually the result of calling `frame.insert` many times, which has poor performance.  Consider joining all columns at once using pd.concat(axis=1) instead. To get a de-fragmented frame, use `newframe = frame.copy()`
  X[c] = s[c].to_numpy(dtype=np.float32)
C:\Users\Cem\Desktop\Datahon_Laptop\Grid-Up-Datathon---TasnifX\experiments\model29\m61_hava.py:372: PerformanceWarning: DataFrame is highly fragmented.  This is usually the result of calling `frame.insert` many times, which has poor performance.  Consider joining all columns at once using pd.concat(axis=1) instead. To get a de-fragmented frame, use `newframe = frame.copy()`
  X[c] = s[c].to_numpy(dtype=np.float32)
C:\Users\Cem\Desktop\Datahon_Laptop\Grid-Up-Datathon---TasnifX\experiments\model29\m61_hava.py:372: PerformanceWarning: DataFrame is highly fragmented.  This is usually the result of calling `frame.insert` many times, which has poor performance.  Consider joining all columns at once using pd.concat(axis=1) instead. To get a de-fragmented frame, use `newframe = frame.copy()`
  X[c] = s[c].to_numpy(dtype=np.float32)
C:\Users\Cem\Desktop\Datahon_Laptop\Grid-Up-Datathon---TasnifX\experiments\model29\m61_hava.py:372: PerformanceWarning: DataFrame is highly fragmented.  This is usually the result of calling `frame.insert` many times, which has poor performance.  Consider joining all columns at once using pd.concat(axis=1) instead. To get a de-fragmented frame, use `newframe = frame.copy()`
  X[c] = s[c].to_numpy(dtype=np.float32)
C:\Users\Cem\Desktop\Datahon_Laptop\Grid-Up-Datathon---TasnifX\experiments\model29\m61_hava.py:373: PerformanceWarning: DataFrame is highly fragmented.  This is usually the result of calling `frame.insert` many times, which has poor performance.  Consider joining all columns at once using pd.concat(axis=1) instead. To get a de-fragmented frame, use `newframe = frame.copy()`
  X["d_guc_payi"] = (X.guc / X["d_ilce_toplam_guc"]).astype(np.float32)
C:\Users\Cem\Desktop\Datahon_Laptop\Grid-Up-Datathon---TasnifX\experiments\model29\m61_hava.py:374: PerformanceWarning: DataFrame is highly fragmented.  This is usually the result of calling `frame.insert` many times, which has poor performance.  Consider joining all columns at once using pd.concat(axis=1) instead. To get a de-fragmented frame, use `newframe = frame.copy()`
  X["d_guc_medyan_orani"] = (X.guc / X["d_ilce_guc_medyan"]).astype(np.float32)
C:\Users\Cem\Desktop\Datahon_Laptop\Grid-Up-Datathon---TasnifX\experiments\model29\m61_hava.py:380: PerformanceWarning: DataFrame is highly fragmented.  This is usually the result of calling `frame.insert` many times, which has poor performance.  Consider joining all columns at once using pd.concat(axis=1) instead. To get a de-fragmented frame, use `newframe = frame.copy()`
  X[c] = d[c].to_numpy(dtype=np.float32)
C:\Users\Cem\Desktop\Datahon_Laptop\Grid-Up-Datathon---TasnifX\experiments\model29\m61_hava.py:380: PerformanceWarning: DataFrame is highly fragmented.  This is usually the result of calling `frame.insert` many times, which has poor performance.  Consider joining all columns at once using pd.concat(axis=1) instead. To get a de-fragmented frame, use `newframe = frame.copy()`
  X[c] = d[c].to_numpy(dtype=np.float32)
C:\Users\Cem\Desktop\Datahon_Laptop\Grid-Up-Datathon---TasnifX\experiments\model29\m61_hava.py:380: PerformanceWarning: DataFrame is highly fragmented.  This is usually the result of calling `frame.insert` many times, which has poor performance.  Consider joining all columns at once using pd.concat(axis=1) instead. To get a de-fragmented frame, use `newframe = frame.copy()`
  X[c] = d[c].to_numpy(dtype=np.float32)
C:\Users\Cem\Desktop\Datahon_Laptop\Grid-Up-Datathon---TasnifX\experiments\model29\m61_hava.py:380: PerformanceWarning: DataFrame is highly fragmented.  This is usually the result of calling `frame.insert` many times, which has poor performance.  Consider joining all columns at once using pd.concat(axis=1) instead. To get a de-fragmented frame, use `newframe = frame.copy()`
  X[c] = d[c].to_numpy(dtype=np.float32)
C:\Users\Cem\Desktop\Datahon_Laptop\Grid-Up-Datathon---TasnifX\experiments\model29\m61_hava.py:380: PerformanceWarning: DataFrame is highly fragmented.  This is usually the result of calling `frame.insert` many times, which has poor performance.  Consider joining all columns at once using pd.concat(axis=1) instead. To get a de-fragmented frame, use `newframe = frame.copy()`
  X[c] = d[c].to_numpy(dtype=np.float32)
C:\Users\Cem\Desktop\Datahon_Laptop\Grid-Up-Datathon---TasnifX\experiments\model29\m61_hava.py:383: PerformanceWarning: DataFrame is highly fragmented.  This is usually the result of calling `frame.insert` many times, which has poor performance.  Consider joining all columns at once using pd.concat(axis=1) instead. To get a de-fragmented frame, use `newframe = frame.copy()`
  X[c] = g[c].to_numpy(dtype=np.float32)
C:\Users\Cem\Desktop\Datahon_Laptop\Grid-Up-Datathon---TasnifX\experiments\model29\m61_hava.py:383: PerformanceWarning: DataFrame is highly fragmented.  This is usually the result of calling `frame.insert` many times, which has poor performance.  Consider joining all columns at once using pd.concat(axis=1) instead. To get a de-fragmented frame, use `newframe = frame.copy()`
  X[c] = g[c].to_numpy(dtype=np.float32)
C:\Users\Cem\Desktop\Datahon_Laptop\Grid-Up-Datathon---TasnifX\experiments\model29\m61_hava.py:387: PerformanceWarning: DataFrame is highly fragmented.  This is usually the result of calling `frame.insert` many times, which has poor performance.  Consider joining all columns at once using pd.concat(axis=1) instead. To get a de-fragmented frame, use `newframe = frame.copy()`
  X[c] = s[c].to_numpy(dtype=np.float32)
C:\Users\Cem\Desktop\Datahon_Laptop\Grid-Up-Datathon---TasnifX\experiments\model29\m61_hava.py:387: PerformanceWarning: DataFrame is highly fragmented.  This is usually the result of calling `frame.insert` many times, which has poor performance.  Consider joining all columns at once using pd.concat(axis=1) instead. To get a de-fragmented frame, use `newframe = frame.copy()`
  X[c] = s[c].to_numpy(dtype=np.float32)
C:\Users\Cem\Desktop\Datahon_Laptop\Grid-Up-Datathon---TasnifX\experiments\model29\m61_hava.py:390: PerformanceWarning: DataFrame is highly fragmented.  This is usually the result of calling `frame.insert` many times, which has poor performance.  Consider joining all columns at once using pd.concat(axis=1) instead. To get a de-fragmented frame, use `newframe = frame.copy()`
  X[c] = meta.tanim.map(eg[c]).to_numpy(dtype=np.float32)
C:\Users\Cem\Desktop\Datahon_Laptop\Grid-Up-Datathon---TasnifX\experiments\model29\m61_hava.py:390: PerformanceWarning: DataFrame is highly fragmented.  This is usually the result of calling `frame.insert` many times, which has poor performance.  Consider joining all columns at once using pd.concat(axis=1) instead. To get a de-fragmented frame, use `newframe = frame.copy()`
  X[c] = meta.tanim.map(eg[c]).to_numpy(dtype=np.float32)
C:\Users\Cem\Desktop\Datahon_Laptop\Grid-Up-Datathon---TasnifX\experiments\model29\m61_hava.py:391: PerformanceWarning: DataFrame is highly fragmented.  This is usually the result of calling `frame.insert` many times, which has poor performance.  Consider joining all columns at once using pd.concat(axis=1) instead. To get a de-fragmented frame, use `newframe = frame.copy()`
  X["t_cdd_etki"] = (X.t_egim_cdd22 * X.cdd22_ort7).astype(np.float32)
C:\Users\Cem\Desktop\Datahon_Laptop\Grid-Up-Datathon---TasnifX\experiments\model29\m61_hava.py:392: PerformanceWarning: DataFrame is highly fragmented.  This is usually the result of calling `frame.insert` many times, which has poor performance.  Consider joining all columns at once using pd.concat(axis=1) instead. To get a de-fragmented frame, use `newframe = frame.copy()`
  X["t_hdd_etki"] = (X.t_egim_hdd18 * X.hdd18_ort7).astype(np.float32)
C:\Users\Cem\Desktop\Datahon_Laptop\Grid-Up-Datathon---TasnifX\experiments\model29\m61_hava.py:372: PerformanceWarning: DataFrame is highly fragmented.  This is usually the result of calling `frame.insert` many times, which has poor performance.  Consider joining all columns at once using pd.concat(axis=1) instead. To get a de-fragmented frame, use `newframe = frame.copy()`
  X[c] = s[c].to_numpy(dtype=np.float32)
C:\Users\Cem\Desktop\Datahon_Laptop\Grid-Up-Datathon---TasnifX\experiments\model29\m61_hava.py:372: PerformanceWarning: DataFrame is highly fragmented.  This is usually the result of calling `frame.insert` many times, which has poor performance.  Consider joining all columns at once using pd.concat(axis=1) instead. To get a de-fragmented frame, use `newframe = frame.copy()`
  X[c] = s[c].to_numpy(dtype=np.float32)
C:\Users\Cem\Desktop\Datahon_Laptop\Grid-Up-Datathon---TasnifX\experiments\model29\m61_hava.py:372: PerformanceWarning: DataFrame is highly fragmented.  This is usually the result of calling `frame.insert` many times, which has poor performance.  Consider joining all columns at once using pd.concat(axis=1) instead. To get a de-fragmented frame, use `newframe = frame.copy()`
  X[c] = s[c].to_numpy(dtype=np.float32)
C:\Users\Cem\Desktop\Datahon_Laptop\Grid-Up-Datathon---TasnifX\experiments\model29\m61_hava.py:372: PerformanceWarning: DataFrame is highly fragmented.  This is usually the result of calling `frame.insert` many times, which has poor performance.  Consider joining all columns at once using pd.concat(axis=1) instead. To get a de-fragmented frame, use `newframe = frame.copy()`
  X[c] = s[c].to_numpy(dtype=np.float32)
C:\Users\Cem\Desktop\Datahon_Laptop\Grid-Up-Datathon---TasnifX\experiments\model29\m61_hava.py:372: PerformanceWarning: DataFrame is highly fragmented.  This is usually the result of calling `frame.insert` many times, which has poor performance.  Consider joining all columns at once using pd.concat(axis=1) instead. To get a de-fragmented frame, use `newframe = frame.copy()`
  X[c] = s[c].to_numpy(dtype=np.float32)
C:\Users\Cem\Desktop\Datahon_Laptop\Grid-Up-Datathon---TasnifX\experiments\model29\m61_hava.py:372: PerformanceWarning: DataFrame is highly fragmented.  This is usually the result of calling `frame.insert` many times, which has poor performance.  Consider joining all columns at once using pd.concat(axis=1) instead. To get a de-fragmented frame, use `newframe = frame.copy()`
  X[c] = s[c].to_numpy(dtype=np.float32)
C:\Users\Cem\Desktop\Datahon_Laptop\Grid-Up-Datathon---TasnifX\experiments\model29\m61_hava.py:372: PerformanceWarning: DataFrame is highly fragmented.  This is usually the result of calling `frame.insert` many times, which has poor performance.  Consider joining all columns at once using pd.concat(axis=1) instead. To get a de-fragmented frame, use `newframe = frame.copy()`
  X[c] = s[c].to_numpy(dtype=np.float32)
C:\Users\Cem\Desktop\Datahon_Laptop\Grid-Up-Datathon---TasnifX\experiments\model29\m61_hava.py:372: PerformanceWarning: DataFrame is highly fragmented.  This is usually the result of calling `frame.insert` many times, which has poor performance.  Consider joining all columns at once using pd.concat(axis=1) instead. To get a de-fragmented frame, use `newframe = frame.copy()`
  X[c] = s[c].to_numpy(dtype=np.float32)
C:\Users\Cem\Desktop\Datahon_Laptop\Grid-Up-Datathon---TasnifX\experiments\model29\m61_hava.py:372: PerformanceWarning: DataFrame is highly fragmented.  This is usually the result of calling `frame.insert` many times, which has poor performance.  Consider joining all columns at once using pd.concat(axis=1) instead. To get a de-fragmented frame, use `newframe = frame.copy()`
  X[c] = s[c].to_numpy(dtype=np.float32)
C:\Users\Cem\Desktop\Datahon_Laptop\Grid-Up-Datathon---TasnifX\experiments\model29\m61_hava.py:372: PerformanceWarning: DataFrame is highly fragmented.  This is usually the result of calling `frame.insert` many times, which has poor performance.  Consider joining all columns at once using pd.concat(axis=1) instead. To get a de-fragmented frame, use `newframe = frame.copy()`
  X[c] = s[c].to_numpy(dtype=np.float32)
C:\Users\Cem\Desktop\Datahon_Laptop\Grid-Up-Datathon---TasnifX\experiments\model29\m61_hava.py:372: PerformanceWarning: DataFrame is highly fragmented.  This is usually the result of calling `frame.insert` many times, which has poor performance.  Consider joining all columns at once using pd.concat(axis=1) instead. To get a de-fragmented frame, use `newframe = frame.copy()`
  X[c] = s[c].to_numpy(dtype=np.float32)
C:\Users\Cem\Desktop\Datahon_Laptop\Grid-Up-Datathon---TasnifX\experiments\model29\m61_hava.py:372: PerformanceWarning: DataFrame is highly fragmented.  This is usually the result of calling `frame.insert` many times, which has poor performance.  Consider joining all columns at once using pd.concat(axis=1) instead. To get a de-fragmented frame, use `newframe = frame.copy()`
  X[c] = s[c].to_numpy(dtype=np.float32)
C:\Users\Cem\Desktop\Datahon_Laptop\Grid-Up-Datathon---TasnifX\experiments\model29\m61_hava.py:372: PerformanceWarning: DataFrame is highly fragmented.  This is usually the result of calling `frame.insert` many times, which has poor performance.  Consider joining all columns at once using pd.concat(axis=1) instead. To get a de-fragmented frame, use `newframe = frame.copy()`
  X[c] = s[c].to_numpy(dtype=np.float32)
C:\Users\Cem\Desktop\Datahon_Laptop\Grid-Up-Datathon---TasnifX\experiments\model29\m61_hava.py:372: PerformanceWarning: DataFrame is highly fragmented.  This is usually the result of calling `frame.insert` many times, which has poor performance.  Consider joining all columns at once using pd.concat(axis=1) instead. To get a de-fragmented frame, use `newframe = frame.copy()`
  X[c] = s[c].to_numpy(dtype=np.float32)
C:\Users\Cem\Desktop\Datahon_Laptop\Grid-Up-Datathon---TasnifX\experiments\model29\m61_hava.py:372: PerformanceWarning: DataFrame is highly fragmented.  This is usually the result of calling `frame.insert` many times, which has poor performance.  Consider joining all columns at once using pd.concat(axis=1) instead. To get a de-fragmented frame, use `newframe = frame.copy()`
  X[c] = s[c].to_numpy(dtype=np.float32)
C:\Users\Cem\Desktop\Datahon_Laptop\Grid-Up-Datathon---TasnifX\experiments\model29\m61_hava.py:372: PerformanceWarning: DataFrame is highly fragmented.  This is usually the result of calling `frame.insert` many times, which has poor performance.  Consider joining all columns at once using pd.concat(axis=1) instead. To get a de-fragmented frame, use `newframe = frame.copy()`
  X[c] = s[c].to_numpy(dtype=np.float32)
C:\Users\Cem\Desktop\Datahon_Laptop\Grid-Up-Datathon---TasnifX\experiments\model29\m61_hava.py:372: PerformanceWarning: DataFrame is highly fragmented.  This is usually the result of calling `frame.insert` many times, which has poor performance.  Consider joining all columns at once using pd.concat(axis=1) instead. To get a de-fragmented frame, use `newframe = frame.copy()`
  X[c] = s[c].to_numpy(dtype=np.float32)
C:\Users\Cem\Desktop\Datahon_Laptop\Grid-Up-Datathon---TasnifX\experiments\model29\m61_hava.py:372: PerformanceWarning: DataFrame is highly fragmented.  This is usually the result of calling `frame.insert` many times, which has poor performance.  Consider joining all columns at once using pd.concat(axis=1) instead. To get a de-fragmented frame, use `newframe = frame.copy()`
  X[c] = s[c].to_numpy(dtype=np.float32)
C:\Users\Cem\Desktop\Datahon_Laptop\Grid-Up-Datathon---TasnifX\experiments\model29\m61_hava.py:372: PerformanceWarning: DataFrame is highly fragmented.  This is usually the result of calling `frame.insert` many times, which has poor performance.  Consider joining all columns at once using pd.concat(axis=1) instead. To get a de-fragmented frame, use `newframe = frame.copy()`
  X[c] = s[c].to_numpy(dtype=np.float32)
C:\Users\Cem\Desktop\Datahon_Laptop\Grid-Up-Datathon---TasnifX\experiments\model29\m61_hava.py:372: PerformanceWarning: DataFrame is highly fragmented.  This is usually the result of calling `frame.insert` many times, which has poor performance.  Consider joining all columns at once using pd.concat(axis=1) instead. To get a de-fragmented frame, use `newframe = frame.copy()`
  X[c] = s[c].to_numpy(dtype=np.float32)
C:\Users\Cem\Desktop\Datahon_Laptop\Grid-Up-Datathon---TasnifX\experiments\model29\m61_hava.py:373: PerformanceWarning: DataFrame is highly fragmented.  This is usually the result of calling `frame.insert` many times, which has poor performance.  Consider joining all columns at once using pd.concat(axis=1) instead. To get a de-fragmented frame, use `newframe = frame.copy()`
  X["d_guc_payi"] = (X.guc / X["d_ilce_toplam_guc"]).astype(np.float32)
C:\Users\Cem\Desktop\Datahon_Laptop\Grid-Up-Datathon---TasnifX\experiments\model29\m61_hava.py:374: PerformanceWarning: DataFrame is highly fragmented.  This is usually the result of calling `frame.insert` many times, which has poor performance.  Consider joining all columns at once using pd.concat(axis=1) instead. To get a de-fragmented frame, use `newframe = frame.copy()`
  X["d_guc_medyan_orani"] = (X.guc / X["d_ilce_guc_medyan"]).astype(np.float32)
C:\Users\Cem\Desktop\Datahon_Laptop\Grid-Up-Datathon---TasnifX\experiments\model29\m61_hava.py:380: PerformanceWarning: DataFrame is highly fragmented.  This is usually the result of calling `frame.insert` many times, which has poor performance.  Consider joining all columns at once using pd.concat(axis=1) instead. To get a de-fragmented frame, use `newframe = frame.copy()`
  X[c] = d[c].to_numpy(dtype=np.float32)
C:\Users\Cem\Desktop\Datahon_Laptop\Grid-Up-Datathon---TasnifX\experiments\model29\m61_hava.py:380: PerformanceWarning: DataFrame is highly fragmented.  This is usually the result of calling `frame.insert` many times, which has poor performance.  Consider joining all columns at once using pd.concat(axis=1) instead. To get a de-fragmented frame, use `newframe = frame.copy()`
  X[c] = d[c].to_numpy(dtype=np.float32)
C:\Users\Cem\Desktop\Datahon_Laptop\Grid-Up-Datathon---TasnifX\experiments\model29\m61_hava.py:380: PerformanceWarning: DataFrame is highly fragmented.  This is usually the result of calling `frame.insert` many times, which has poor performance.  Consider joining all columns at once using pd.concat(axis=1) instead. To get a de-fragmented frame, use `newframe = frame.copy()`
  X[c] = d[c].to_numpy(dtype=np.float32)
C:\Users\Cem\Desktop\Datahon_Laptop\Grid-Up-Datathon---TasnifX\experiments\model29\m61_hava.py:380: PerformanceWarning: DataFrame is highly fragmented.  This is usually the result of calling `frame.insert` many times, which has poor performance.  Consider joining all columns at once using pd.concat(axis=1) instead. To get a de-fragmented frame, use `newframe = frame.copy()`
  X[c] = d[c].to_numpy(dtype=np.float32)
C:\Users\Cem\Desktop\Datahon_Laptop\Grid-Up-Datathon---TasnifX\experiments\model29\m61_hava.py:380: PerformanceWarning: DataFrame is highly fragmented.  This is usually the result of calling `frame.insert` many times, which has poor performance.  Consider joining all columns at once using pd.concat(axis=1) instead. To get a de-fragmented frame, use `newframe = frame.copy()`
  X[c] = d[c].to_numpy(dtype=np.float32)
C:\Users\Cem\Desktop\Datahon_Laptop\Grid-Up-Datathon---TasnifX\experiments\model29\m61_hava.py:383: PerformanceWarning: DataFrame is highly fragmented.  This is usually the result of calling `frame.insert` many times, which has poor performance.  Consider joining all columns at once using pd.concat(axis=1) instead. To get a de-fragmented frame, use `newframe = frame.copy()`
  X[c] = g[c].to_numpy(dtype=np.float32)
C:\Users\Cem\Desktop\Datahon_Laptop\Grid-Up-Datathon---TasnifX\experiments\model29\m61_hava.py:383: PerformanceWarning: DataFrame is highly fragmented.  This is usually the result of calling `frame.insert` many times, which has poor performance.  Consider joining all columns at once using pd.concat(axis=1) instead. To get a de-fragmented frame, use `newframe = frame.copy()`
  X[c] = g[c].to_numpy(dtype=np.float32)
C:\Users\Cem\Desktop\Datahon_Laptop\Grid-Up-Datathon---TasnifX\experiments\model29\m61_hava.py:387: PerformanceWarning: DataFrame is highly fragmented.  This is usually the result of calling `frame.insert` many times, which has poor performance.  Consider joining all columns at once using pd.concat(axis=1) instead. To get a de-fragmented frame, use `newframe = frame.copy()`
  X[c] = s[c].to_numpy(dtype=np.float32)
C:\Users\Cem\Desktop\Datahon_Laptop\Grid-Up-Datathon---TasnifX\experiments\model29\m61_hava.py:387: PerformanceWarning: DataFrame is highly fragmented.  This is usually the result of calling `frame.insert` many times, which has poor performance.  Consider joining all columns at once using pd.concat(axis=1) instead. To get a de-fragmented frame, use `newframe = frame.copy()`
  X[c] = s[c].to_numpy(dtype=np.float32)
C:\Users\Cem\Desktop\Datahon_Laptop\Grid-Up-Datathon---TasnifX\experiments\model29\m61_hava.py:390: PerformanceWarning: DataFrame is highly fragmented.  This is usually the result of calling `frame.insert` many times, which has poor performance.  Consider joining all columns at once using pd.concat(axis=1) instead. To get a de-fragmented frame, use `newframe = frame.copy()`
  X[c] = meta.tanim.map(eg[c]).to_numpy(dtype=np.float32)
C:\Users\Cem\Desktop\Datahon_Laptop\Grid-Up-Datathon---TasnifX\experiments\model29\m61_hava.py:390: PerformanceWarning: DataFrame is highly fragmented.  This is usually the result of calling `frame.insert` many times, which has poor performance.  Consider joining all columns at once using pd.concat(axis=1) instead. To get a de-fragmented frame, use `newframe = frame.copy()`
  X[c] = meta.tanim.map(eg[c]).to_numpy(dtype=np.float32)
C:\Users\Cem\Desktop\Datahon_Laptop\Grid-Up-Datathon---TasnifX\experiments\model29\m61_hava.py:391: PerformanceWarning: DataFrame is highly fragmented.  This is usually the result of calling `frame.insert` many times, which has poor performance.  Consider joining all columns at once using pd.concat(axis=1) instead. To get a de-fragmented frame, use `newframe = frame.copy()`
  X["t_cdd_etki"] = (X.t_egim_cdd22 * X.cdd22_ort7).astype(np.float32)
C:\Users\Cem\Desktop\Datahon_Laptop\Grid-Up-Datathon---TasnifX\experiments\model29\m61_hava.py:392: PerformanceWarning: DataFrame is highly fragmented.  This is usually the result of calling `frame.insert` many times, which has poor performance.  Consider joining all columns at once using pd.concat(axis=1) instead. To get a de-fragmented frame, use `newframe = frame.copy()`
  X["t_hdd_etki"] = (X.t_egim_hdd18 * X.hdd18_ort7).astype(np.float32)
C:\Users\Cem\Desktop\Datahon_Laptop\Grid-Up-Datathon---TasnifX\experiments\model29\m61_hava.py:372: PerformanceWarning: DataFrame is highly fragmented.  This is usually the result of calling `frame.insert` many times, which has poor performance.  Consider joining all columns at once using pd.concat(axis=1) instead. To get a de-fragmented frame, use `newframe = frame.copy()`
  X[c] = s[c].to_numpy(dtype=np.float32)
C:\Users\Cem\Desktop\Datahon_Laptop\Grid-Up-Datathon---TasnifX\experiments\model29\m61_hava.py:372: PerformanceWarning: DataFrame is highly fragmented.  This is usually the result of calling `frame.insert` many times, which has poor performance.  Consider joining all columns at once using pd.concat(axis=1) instead. To get a de-fragmented frame, use `newframe = frame.copy()`
  X[c] = s[c].to_numpy(dtype=np.float32)
C:\Users\Cem\Desktop\Datahon_Laptop\Grid-Up-Datathon---TasnifX\experiments\model29\m61_hava.py:372: PerformanceWarning: DataFrame is highly fragmented.  This is usually the result of calling `frame.insert` many times, which has poor performance.  Consider joining all columns at once using pd.concat(axis=1) instead. To get a de-fragmented frame, use `newframe = frame.copy()`
  X[c] = s[c].to_numpy(dtype=np.float32)
C:\Users\Cem\Desktop\Datahon_Laptop\Grid-Up-Datathon---TasnifX\experiments\model29\m61_hava.py:372: PerformanceWarning: DataFrame is highly fragmented.  This is usually the result of calling `frame.insert` many times, which has poor performance.  Consider joining all columns at once using pd.concat(axis=1) instead. To get a de-fragmented frame, use `newframe = frame.copy()`
  X[c] = s[c].to_numpy(dtype=np.float32)
C:\Users\Cem\Desktop\Datahon_Laptop\Grid-Up-Datathon---TasnifX\experiments\model29\m61_hava.py:372: PerformanceWarning: DataFrame is highly fragmented.  This is usually the result of calling `frame.insert` many times, which has poor performance.  Consider joining all columns at once using pd.concat(axis=1) instead. To get a de-fragmented frame, use `newframe = frame.copy()`
  X[c] = s[c].to_numpy(dtype=np.float32)
C:\Users\Cem\Desktop\Datahon_Laptop\Grid-Up-Datathon---TasnifX\experiments\model29\m61_hava.py:372: PerformanceWarning: DataFrame is highly fragmented.  This is usually the result of calling `frame.insert` many times, which has poor performance.  Consider joining all columns at once using pd.concat(axis=1) instead. To get a de-fragmented frame, use `newframe = frame.copy()`
  X[c] = s[c].to_numpy(dtype=np.float32)
C:\Users\Cem\Desktop\Datahon_Laptop\Grid-Up-Datathon---TasnifX\experiments\model29\m61_hava.py:372: PerformanceWarning: DataFrame is highly fragmented.  This is usually the result of calling `frame.insert` many times, which has poor performance.  Consider joining all columns at once using pd.concat(axis=1) instead. To get a de-fragmented frame, use `newframe = frame.copy()`
  X[c] = s[c].to_numpy(dtype=np.float32)
C:\Users\Cem\Desktop\Datahon_Laptop\Grid-Up-Datathon---TasnifX\experiments\model29\m61_hava.py:372: PerformanceWarning: DataFrame is highly fragmented.  This is usually the result of calling `frame.insert` many times, which has poor performance.  Consider joining all columns at once using pd.concat(axis=1) instead. To get a de-fragmented frame, use `newframe = frame.copy()`
  X[c] = s[c].to_numpy(dtype=np.float32)
C:\Users\Cem\Desktop\Datahon_Laptop\Grid-Up-Datathon---TasnifX\experiments\model29\m61_hava.py:372: PerformanceWarning: DataFrame is highly fragmented.  This is usually the result of calling `frame.insert` many times, which has poor performance.  Consider joining all columns at once using pd.concat(axis=1) instead. To get a de-fragmented frame, use `newframe = frame.copy()`
  X[c] = s[c].to_numpy(dtype=np.float32)
C:\Users\Cem\Desktop\Datahon_Laptop\Grid-Up-Datathon---TasnifX\experiments\model29\m61_hava.py:372: PerformanceWarning: DataFrame is highly fragmented.  This is usually the result of calling `frame.insert` many times, which has poor performance.  Consider joining all columns at once using pd.concat(axis=1) instead. To get a de-fragmented frame, use `newframe = frame.copy()`
  X[c] = s[c].to_numpy(dtype=np.float32)
C:\Users\Cem\Desktop\Datahon_Laptop\Grid-Up-Datathon---TasnifX\experiments\model29\m61_hava.py:372: PerformanceWarning: DataFrame is highly fragmented.  This is usually the result of calling `frame.insert` many times, which has poor performance.  Consider joining all columns at once using pd.concat(axis=1) instead. To get a de-fragmented frame, use `newframe = frame.copy()`
  X[c] = s[c].to_numpy(dtype=np.float32)
C:\Users\Cem\Desktop\Datahon_Laptop\Grid-Up-Datathon---TasnifX\experiments\model29\m61_hava.py:372: PerformanceWarning: DataFrame is highly fragmented.  This is usually the result of calling `frame.insert` many times, which has poor performance.  Consider joining all columns at once using pd.concat(axis=1) instead. To get a de-fragmented frame, use `newframe = frame.copy()`
  X[c] = s[c].to_numpy(dtype=np.float32)
C:\Users\Cem\Desktop\Datahon_Laptop\Grid-Up-Datathon---TasnifX\experiments\model29\m61_hava.py:372: PerformanceWarning: DataFrame is highly fragmented.  This is usually the result of calling `frame.insert` many times, which has poor performance.  Consider joining all columns at once using pd.concat(axis=1) instead. To get a de-fragmented frame, use `newframe = frame.copy()`
  X[c] = s[c].to_numpy(dtype=np.float32)
C:\Users\Cem\Desktop\Datahon_Laptop\Grid-Up-Datathon---TasnifX\experiments\model29\m61_hava.py:372: PerformanceWarning: DataFrame is highly fragmented.  This is usually the result of calling `frame.insert` many times, which has poor performance.  Consider joining all columns at once using pd.concat(axis=1) instead. To get a de-fragmented frame, use `newframe = frame.copy()`
  X[c] = s[c].to_numpy(dtype=np.float32)
C:\Users\Cem\Desktop\Datahon_Laptop\Grid-Up-Datathon---TasnifX\experiments\model29\m61_hava.py:372: PerformanceWarning: DataFrame is highly fragmented.  This is usually the result of calling `frame.insert` many times, which has poor performance.  Consider joining all columns at once using pd.concat(axis=1) instead. To get a de-fragmented frame, use `newframe = frame.copy()`
  X[c] = s[c].to_numpy(dtype=np.float32)
C:\Users\Cem\Desktop\Datahon_Laptop\Grid-Up-Datathon---TasnifX\experiments\model29\m61_hava.py:372: PerformanceWarning: DataFrame is highly fragmented.  This is usually the result of calling `frame.insert` many times, which has poor performance.  Consider joining all columns at once using pd.concat(axis=1) instead. To get a de-fragmented frame, use `newframe = frame.copy()`
  X[c] = s[c].to_numpy(dtype=np.float32)
C:\Users\Cem\Desktop\Datahon_Laptop\Grid-Up-Datathon---TasnifX\experiments\model29\m61_hava.py:372: PerformanceWarning: DataFrame is highly fragmented.  This is usually the result of calling `frame.insert` many times, which has poor performance.  Consider joining all columns at once using pd.concat(axis=1) instead. To get a de-fragmented frame, use `newframe = frame.copy()`
  X[c] = s[c].to_numpy(dtype=np.float32)
C:\Users\Cem\Desktop\Datahon_Laptop\Grid-Up-Datathon---TasnifX\experiments\model29\m61_hava.py:372: PerformanceWarning: DataFrame is highly fragmented.  This is usually the result of calling `frame.insert` many times, which has poor performance.  Consider joining all columns at once using pd.concat(axis=1) instead. To get a de-fragmented frame, use `newframe = frame.copy()`
  X[c] = s[c].to_numpy(dtype=np.float32)
C:\Users\Cem\Desktop\Datahon_Laptop\Grid-Up-Datathon---TasnifX\experiments\model29\m61_hava.py:372: PerformanceWarning: DataFrame is highly fragmented.  This is usually the result of calling `frame.insert` many times, which has poor performance.  Consider joining all columns at once using pd.concat(axis=1) instead. To get a de-fragmented frame, use `newframe = frame.copy()`
  X[c] = s[c].to_numpy(dtype=np.float32)
C:\Users\Cem\Desktop\Datahon_Laptop\Grid-Up-Datathon---TasnifX\experiments\model29\m61_hava.py:372: PerformanceWarning: DataFrame is highly fragmented.  This is usually the result of calling `frame.insert` many times, which has poor performance.  Consider joining all columns at once using pd.concat(axis=1) instead. To get a de-fragmented frame, use `newframe = frame.copy()`
  X[c] = s[c].to_numpy(dtype=np.float32)
C:\Users\Cem\Desktop\Datahon_Laptop\Grid-Up-Datathon---TasnifX\experiments\model29\m61_hava.py:373: PerformanceWarning: DataFrame is highly fragmented.  This is usually the result of calling `frame.insert` many times, which has poor performance.  Consider joining all columns at once using pd.concat(axis=1) instead. To get a de-fragmented frame, use `newframe = frame.copy()`
  X["d_guc_payi"] = (X.guc / X["d_ilce_toplam_guc"]).astype(np.float32)
C:\Users\Cem\Desktop\Datahon_Laptop\Grid-Up-Datathon---TasnifX\experiments\model29\m61_hava.py:374: PerformanceWarning: DataFrame is highly fragmented.  This is usually the result of calling `frame.insert` many times, which has poor performance.  Consider joining all columns at once using pd.concat(axis=1) instead. To get a de-fragmented frame, use `newframe = frame.copy()`
  X["d_guc_medyan_orani"] = (X.guc / X["d_ilce_guc_medyan"]).astype(np.float32)
C:\Users\Cem\Desktop\Datahon_Laptop\Grid-Up-Datathon---TasnifX\experiments\model29\m61_hava.py:380: PerformanceWarning: DataFrame is highly fragmented.  This is usually the result of calling `frame.insert` many times, which has poor performance.  Consider joining all columns at once using pd.concat(axis=1) instead. To get a de-fragmented frame, use `newframe = frame.copy()`
  X[c] = d[c].to_numpy(dtype=np.float32)
C:\Users\Cem\Desktop\Datahon_Laptop\Grid-Up-Datathon---TasnifX\experiments\model29\m61_hava.py:380: PerformanceWarning: DataFrame is highly fragmented.  This is usually the result of calling `frame.insert` many times, which has poor performance.  Consider joining all columns at once using pd.concat(axis=1) instead. To get a de-fragmented frame, use `newframe = frame.copy()`
  X[c] = d[c].to_numpy(dtype=np.float32)
C:\Users\Cem\Desktop\Datahon_Laptop\Grid-Up-Datathon---TasnifX\experiments\model29\m61_hava.py:380: PerformanceWarning: DataFrame is highly fragmented.  This is usually the result of calling `frame.insert` many times, which has poor performance.  Consider joining all columns at once using pd.concat(axis=1) instead. To get a de-fragmented frame, use `newframe = frame.copy()`
  X[c] = d[c].to_numpy(dtype=np.float32)
C:\Users\Cem\Desktop\Datahon_Laptop\Grid-Up-Datathon---TasnifX\experiments\model29\m61_hava.py:380: PerformanceWarning: DataFrame is highly fragmented.  This is usually the result of calling `frame.insert` many times, which has poor performance.  Consider joining all columns at once using pd.concat(axis=1) instead. To get a de-fragmented frame, use `newframe = frame.copy()`
  X[c] = d[c].to_numpy(dtype=np.float32)
C:\Users\Cem\Desktop\Datahon_Laptop\Grid-Up-Datathon---TasnifX\experiments\model29\m61_hava.py:380: PerformanceWarning: DataFrame is highly fragmented.  This is usually the result of calling `frame.insert` many times, which has poor performance.  Consider joining all columns at once using pd.concat(axis=1) instead. To get a de-fragmented frame, use `newframe = frame.copy()`
  X[c] = d[c].to_numpy(dtype=np.float32)
C:\Users\Cem\Desktop\Datahon_Laptop\Grid-Up-Datathon---TasnifX\experiments\model29\m61_hava.py:383: PerformanceWarning: DataFrame is highly fragmented.  This is usually the result of calling `frame.insert` many times, which has poor performance.  Consider joining all columns at once using pd.concat(axis=1) instead. To get a de-fragmented frame, use `newframe = frame.copy()`
  X[c] = g[c].to_numpy(dtype=np.float32)
C:\Users\Cem\Desktop\Datahon_Laptop\Grid-Up-Datathon---TasnifX\experiments\model29\m61_hava.py:383: PerformanceWarning: DataFrame is highly fragmented.  This is usually the result of calling `frame.insert` many times, which has poor performance.  Consider joining all columns at once using pd.concat(axis=1) instead. To get a de-fragmented frame, use `newframe = frame.copy()`
  X[c] = g[c].to_numpy(dtype=np.float32)
C:\Users\Cem\Desktop\Datahon_Laptop\Grid-Up-Datathon---TasnifX\experiments\model29\m61_hava.py:387: PerformanceWarning: DataFrame is highly fragmented.  This is usually the result of calling `frame.insert` many times, which has poor performance.  Consider joining all columns at once using pd.concat(axis=1) instead. To get a de-fragmented frame, use `newframe = frame.copy()`
  X[c] = s[c].to_numpy(dtype=np.float32)
C:\Users\Cem\Desktop\Datahon_Laptop\Grid-Up-Datathon---TasnifX\experiments\model29\m61_hava.py:387: PerformanceWarning: DataFrame is highly fragmented.  This is usually the result of calling `frame.insert` many times, which has poor performance.  Consider joining all columns at once using pd.concat(axis=1) instead. To get a de-fragmented frame, use `newframe = frame.copy()`
  X[c] = s[c].to_numpy(dtype=np.float32)
C:\Users\Cem\Desktop\Datahon_Laptop\Grid-Up-Datathon---TasnifX\experiments\model29\m61_hava.py:390: PerformanceWarning: DataFrame is highly fragmented.  This is usually the result of calling `frame.insert` many times, which has poor performance.  Consider joining all columns at once using pd.concat(axis=1) instead. To get a de-fragmented frame, use `newframe = frame.copy()`
  X[c] = meta.tanim.map(eg[c]).to_numpy(dtype=np.float32)
C:\Users\Cem\Desktop\Datahon_Laptop\Grid-Up-Datathon---TasnifX\experiments\model29\m61_hava.py:390: PerformanceWarning: DataFrame is highly fragmented.  This is usually the result of calling `frame.insert` many times, which has poor performance.  Consider joining all columns at once using pd.concat(axis=1) instead. To get a de-fragmented frame, use `newframe = frame.copy()`
  X[c] = meta.tanim.map(eg[c]).to_numpy(dtype=np.float32)
C:\Users\Cem\Desktop\Datahon_Laptop\Grid-Up-Datathon---TasnifX\experiments\model29\m61_hava.py:391: PerformanceWarning: DataFrame is highly fragmented.  This is usually the result of calling `frame.insert` many times, which has poor performance.  Consider joining all columns at once using pd.concat(axis=1) instead. To get a de-fragmented frame, use `newframe = frame.copy()`
  X["t_cdd_etki"] = (X.t_egim_cdd22 * X.cdd22_ort7).astype(np.float32)
C:\Users\Cem\Desktop\Datahon_Laptop\Grid-Up-Datathon---TasnifX\experiments\model29\m61_hava.py:392: PerformanceWarning: DataFrame is highly fragmented.  This is usually the result of calling `frame.insert` many times, which has poor performance.  Consider joining all columns at once using pd.concat(axis=1) instead. To get a de-fragmented frame, use `newframe = frame.copy()`
  X["t_hdd_etki"] = (X.t_egim_hdd18 * X.hdd18_ort7).astype(np.float32)
C:\Users\Cem\Desktop\Datahon_Laptop\Grid-Up-Datathon---TasnifX\experiments\model29\m61_hava.py:372: PerformanceWarning: DataFrame is highly fragmented.  This is usually the result of calling `frame.insert` many times, which has poor performance.  Consider joining all columns at once using pd.concat(axis=1) instead. To get a de-fragmented frame, use `newframe = frame.copy()`
  X[c] = s[c].to_numpy(dtype=np.float32)
C:\Users\Cem\Desktop\Datahon_Laptop\Grid-Up-Datathon---TasnifX\experiments\model29\m61_hava.py:372: PerformanceWarning: DataFrame is highly fragmented.  This is usually the result of calling `frame.insert` many times, which has poor performance.  Consider joining all columns at once using pd.concat(axis=1) instead. To get a de-fragmented frame, use `newframe = frame.copy()`
  X[c] = s[c].to_numpy(dtype=np.float32)
C:\Users\Cem\Desktop\Datahon_Laptop\Grid-Up-Datathon---TasnifX\experiments\model29\m61_hava.py:372: PerformanceWarning: DataFrame is highly fragmented.  This is usually the result of calling `frame.insert` many times, which has poor performance.  Consider joining all columns at once using pd.concat(axis=1) instead. To get a de-fragmented frame, use `newframe = frame.copy()`
  X[c] = s[c].to_numpy(dtype=np.float32)
C:\Users\Cem\Desktop\Datahon_Laptop\Grid-Up-Datathon---TasnifX\experiments\model29\m61_hava.py:372: PerformanceWarning: DataFrame is highly fragmented.  This is usually the result of calling `frame.insert` many times, which has poor performance.  Consider joining all columns at once using pd.concat(axis=1) instead. To get a de-fragmented frame, use `newframe = frame.copy()`
  X[c] = s[c].to_numpy(dtype=np.float32)
C:\Users\Cem\Desktop\Datahon_Laptop\Grid-Up-Datathon---TasnifX\experiments\model29\m61_hava.py:372: PerformanceWarning: DataFrame is highly fragmented.  This is usually the result of calling `frame.insert` many times, which has poor performance.  Consider joining all columns at once using pd.concat(axis=1) instead. To get a de-fragmented frame, use `newframe = frame.copy()`
  X[c] = s[c].to_numpy(dtype=np.float32)
C:\Users\Cem\Desktop\Datahon_Laptop\Grid-Up-Datathon---TasnifX\experiments\model29\m61_hava.py:372: PerformanceWarning: DataFrame is highly fragmented.  This is usually the result of calling `frame.insert` many times, which has poor performance.  Consider joining all columns at once using pd.concat(axis=1) instead. To get a de-fragmented frame, use `newframe = frame.copy()`
  X[c] = s[c].to_numpy(dtype=np.float32)
C:\Users\Cem\Desktop\Datahon_Laptop\Grid-Up-Datathon---TasnifX\experiments\model29\m61_hava.py:372: PerformanceWarning: DataFrame is highly fragmented.  This is usually the result of calling `frame.insert` many times, which has poor performance.  Consider joining all columns at once using pd.concat(axis=1) instead. To get a de-fragmented frame, use `newframe = frame.copy()`
  X[c] = s[c].to_numpy(dtype=np.float32)
C:\Users\Cem\Desktop\Datahon_Laptop\Grid-Up-Datathon---TasnifX\experiments\model29\m61_hava.py:372: PerformanceWarning: DataFrame is highly fragmented.  This is usually the result of calling `frame.insert` many times, which has poor performance.  Consider joining all columns at once using pd.concat(axis=1) instead. To get a de-fragmented frame, use `newframe = frame.copy()`
  X[c] = s[c].to_numpy(dtype=np.float32)
C:\Users\Cem\Desktop\Datahon_Laptop\Grid-Up-Datathon---TasnifX\experiments\model29\m61_hava.py:372: PerformanceWarning: DataFrame is highly fragmented.  This is usually the result of calling `frame.insert` many times, which has poor performance.  Consider joining all columns at once using pd.concat(axis=1) instead. To get a de-fragmented frame, use `newframe = frame.copy()`
  X[c] = s[c].to_numpy(dtype=np.float32)
C:\Users\Cem\Desktop\Datahon_Laptop\Grid-Up-Datathon---TasnifX\experiments\model29\m61_hava.py:372: PerformanceWarning: DataFrame is highly fragmented.  This is usually the result of calling `frame.insert` many times, which has poor performance.  Consider joining all columns at once using pd.concat(axis=1) instead. To get a de-fragmented frame, use `newframe = frame.copy()`
  X[c] = s[c].to_numpy(dtype=np.float32)
C:\Users\Cem\Desktop\Datahon_Laptop\Grid-Up-Datathon---TasnifX\experiments\model29\m61_hava.py:372: PerformanceWarning: DataFrame is highly fragmented.  This is usually the result of calling `frame.insert` many times, which has poor performance.  Consider joining all columns at once using pd.concat(axis=1) instead. To get a de-fragmented frame, use `newframe = frame.copy()`
  X[c] = s[c].to_numpy(dtype=np.float32)
C:\Users\Cem\Desktop\Datahon_Laptop\Grid-Up-Datathon---TasnifX\experiments\model29\m61_hava.py:372: PerformanceWarning: DataFrame is highly fragmented.  This is usually the result of calling `frame.insert` many times, which has poor performance.  Consider joining all columns at once using pd.concat(axis=1) instead. To get a de-fragmented frame, use `newframe = frame.copy()`
  X[c] = s[c].to_numpy(dtype=np.float32)
C:\Users\Cem\Desktop\Datahon_Laptop\Grid-Up-Datathon---TasnifX\experiments\model29\m61_hava.py:372: PerformanceWarning: DataFrame is highly fragmented.  This is usually the result of calling `frame.insert` many times, which has poor performance.  Consider joining all columns at once using pd.concat(axis=1) instead. To get a de-fragmented frame, use `newframe = frame.copy()`
  X[c] = s[c].to_numpy(dtype=np.float32)
C:\Users\Cem\Desktop\Datahon_Laptop\Grid-Up-Datathon---TasnifX\experiments\model29\m61_hava.py:372: PerformanceWarning: DataFrame is highly fragmented.  This is usually the result of calling `frame.insert` many times, which has poor performance.  Consider joining all columns at once using pd.concat(axis=1) instead. To get a de-fragmented frame, use `newframe = frame.copy()`
  X[c] = s[c].to_numpy(dtype=np.float32)
C:\Users\Cem\Desktop\Datahon_Laptop\Grid-Up-Datathon---TasnifX\experiments\model29\m61_hava.py:372: PerformanceWarning: DataFrame is highly fragmented.  This is usually the result of calling `frame.insert` many times, which has poor performance.  Consider joining all columns at once using pd.concat(axis=1) instead. To get a de-fragmented frame, use `newframe = frame.copy()`
  X[c] = s[c].to_numpy(dtype=np.float32)
C:\Users\Cem\Desktop\Datahon_Laptop\Grid-Up-Datathon---TasnifX\experiments\model29\m61_hava.py:372: PerformanceWarning: DataFrame is highly fragmented.  This is usually the result of calling `frame.insert` many times, which has poor performance.  Consider joining all columns at once using pd.concat(axis=1) instead. To get a de-fragmented frame, use `newframe = frame.copy()`
  X[c] = s[c].to_numpy(dtype=np.float32)
C:\Users\Cem\Desktop\Datahon_Laptop\Grid-Up-Datathon---TasnifX\experiments\model29\m61_hava.py:372: PerformanceWarning: DataFrame is highly fragmented.  This is usually the result of calling `frame.insert` many times, which has poor performance.  Consider joining all columns at once using pd.concat(axis=1) instead. To get a de-fragmented frame, use `newframe = frame.copy()`
  X[c] = s[c].to_numpy(dtype=np.float32)
C:\Users\Cem\Desktop\Datahon_Laptop\Grid-Up-Datathon---TasnifX\experiments\model29\m61_hava.py:372: PerformanceWarning: DataFrame is highly fragmented.  This is usually the result of calling `frame.insert` many times, which has poor performance.  Consider joining all columns at once using pd.concat(axis=1) instead. To get a de-fragmented frame, use `newframe = frame.copy()`
  X[c] = s[c].to_numpy(dtype=np.float32)
C:\Users\Cem\Desktop\Datahon_Laptop\Grid-Up-Datathon---TasnifX\experiments\model29\m61_hava.py:372: PerformanceWarning: DataFrame is highly fragmented.  This is usually the result of calling `frame.insert` many times, which has poor performance.  Consider joining all columns at once using pd.concat(axis=1) instead. To get a de-fragmented frame, use `newframe = frame.copy()`
  X[c] = s[c].to_numpy(dtype=np.float32)
C:\Users\Cem\Desktop\Datahon_Laptop\Grid-Up-Datathon---TasnifX\experiments\model29\m61_hava.py:372: PerformanceWarning: DataFrame is highly fragmented.  This is usually the result of calling `frame.insert` many times, which has poor performance.  Consider joining all columns at once using pd.concat(axis=1) instead. To get a de-fragmented frame, use `newframe = frame.copy()`
  X[c] = s[c].to_numpy(dtype=np.float32)
C:\Users\Cem\Desktop\Datahon_Laptop\Grid-Up-Datathon---TasnifX\experiments\model29\m61_hava.py:373: PerformanceWarning: DataFrame is highly fragmented.  This is usually the result of calling `frame.insert` many times, which has poor performance.  Consider joining all columns at once using pd.concat(axis=1) instead. To get a de-fragmented frame, use `newframe = frame.copy()`
  X["d_guc_payi"] = (X.guc / X["d_ilce_toplam_guc"]).astype(np.float32)
C:\Users\Cem\Desktop\Datahon_Laptop\Grid-Up-Datathon---TasnifX\experiments\model29\m61_hava.py:374: PerformanceWarning: DataFrame is highly fragmented.  This is usually the result of calling `frame.insert` many times, which has poor performance.  Consider joining all columns at once using pd.concat(axis=1) instead. To get a de-fragmented frame, use `newframe = frame.copy()`
  X["d_guc_medyan_orani"] = (X.guc / X["d_ilce_guc_medyan"]).astype(np.float32)
C:\Users\Cem\Desktop\Datahon_Laptop\Grid-Up-Datathon---TasnifX\experiments\model29\m61_hava.py:380: PerformanceWarning: DataFrame is highly fragmented.  This is usually the result of calling `frame.insert` many times, which has poor performance.  Consider joining all columns at once using pd.concat(axis=1) instead. To get a de-fragmented frame, use `newframe = frame.copy()`
  X[c] = d[c].to_numpy(dtype=np.float32)
C:\Users\Cem\Desktop\Datahon_Laptop\Grid-Up-Datathon---TasnifX\experiments\model29\m61_hava.py:380: PerformanceWarning: DataFrame is highly fragmented.  This is usually the result of calling `frame.insert` many times, which has poor performance.  Consider joining all columns at once using pd.concat(axis=1) instead. To get a de-fragmented frame, use `newframe = frame.copy()`
  X[c] = d[c].to_numpy(dtype=np.float32)
C:\Users\Cem\Desktop\Datahon_Laptop\Grid-Up-Datathon---TasnifX\experiments\model29\m61_hava.py:380: PerformanceWarning: DataFrame is highly fragmented.  This is usually the result of calling `frame.insert` many times, which has poor performance.  Consider joining all columns at once using pd.concat(axis=1) instead. To get a de-fragmented frame, use `newframe = frame.copy()`
  X[c] = d[c].to_numpy(dtype=np.float32)
C:\Users\Cem\Desktop\Datahon_Laptop\Grid-Up-Datathon---TasnifX\experiments\model29\m61_hava.py:380: PerformanceWarning: DataFrame is highly fragmented.  This is usually the result of calling `frame.insert` many times, which has poor performance.  Consider joining all columns at once using pd.concat(axis=1) instead. To get a de-fragmented frame, use `newframe = frame.copy()`
  X[c] = d[c].to_numpy(dtype=np.float32)
C:\Users\Cem\Desktop\Datahon_Laptop\Grid-Up-Datathon---TasnifX\experiments\model29\m61_hava.py:380: PerformanceWarning: DataFrame is highly fragmented.  This is usually the result of calling `frame.insert` many times, which has poor performance.  Consider joining all columns at once using pd.concat(axis=1) instead. To get a de-fragmented frame, use `newframe = frame.copy()`
  X[c] = d[c].to_numpy(dtype=np.float32)
C:\Users\Cem\Desktop\Datahon_Laptop\Grid-Up-Datathon---TasnifX\experiments\model29\m61_hava.py:383: PerformanceWarning: DataFrame is highly fragmented.  This is usually the result of calling `frame.insert` many times, which has poor performance.  Consider joining all columns at once using pd.concat(axis=1) instead. To get a de-fragmented frame, use `newframe = frame.copy()`
  X[c] = g[c].to_numpy(dtype=np.float32)
C:\Users\Cem\Desktop\Datahon_Laptop\Grid-Up-Datathon---TasnifX\experiments\model29\m61_hava.py:383: PerformanceWarning: DataFrame is highly fragmented.  This is usually the result of calling `frame.insert` many times, which has poor performance.  Consider joining all columns at once using pd.concat(axis=1) instead. To get a de-fragmented frame, use `newframe = frame.copy()`
  X[c] = g[c].to_numpy(dtype=np.float32)
C:\Users\Cem\Desktop\Datahon_Laptop\Grid-Up-Datathon---TasnifX\experiments\model29\m61_hava.py:387: PerformanceWarning: DataFrame is highly fragmented.  This is usually the result of calling `frame.insert` many times, which has poor performance.  Consider joining all columns at once using pd.concat(axis=1) instead. To get a de-fragmented frame, use `newframe = frame.copy()`
  X[c] = s[c].to_numpy(dtype=np.float32)
C:\Users\Cem\Desktop\Datahon_Laptop\Grid-Up-Datathon---TasnifX\experiments\model29\m61_hava.py:387: PerformanceWarning: DataFrame is highly fragmented.  This is usually the result of calling `frame.insert` many times, which has poor performance.  Consider joining all columns at once using pd.concat(axis=1) instead. To get a de-fragmented frame, use `newframe = frame.copy()`
  X[c] = s[c].to_numpy(dtype=np.float32)
C:\Users\Cem\Desktop\Datahon_Laptop\Grid-Up-Datathon---TasnifX\experiments\model29\m61_hava.py:390: PerformanceWarning: DataFrame is highly fragmented.  This is usually the result of calling `frame.insert` many times, which has poor performance.  Consider joining all columns at once using pd.concat(axis=1) instead. To get a de-fragmented frame, use `newframe = frame.copy()`
  X[c] = meta.tanim.map(eg[c]).to_numpy(dtype=np.float32)
C:\Users\Cem\Desktop\Datahon_Laptop\Grid-Up-Datathon---TasnifX\experiments\model29\m61_hava.py:390: PerformanceWarning: DataFrame is highly fragmented.  This is usually the result of calling `frame.insert` many times, which has poor performance.  Consider joining all columns at once using pd.concat(axis=1) instead. To get a de-fragmented frame, use `newframe = frame.copy()`
  X[c] = meta.tanim.map(eg[c]).to_numpy(dtype=np.float32)
C:\Users\Cem\Desktop\Datahon_Laptop\Grid-Up-Datathon---TasnifX\experiments\model29\m61_hava.py:391: PerformanceWarning: DataFrame is highly fragmented.  This is usually the result of calling `frame.insert` many times, which has poor performance.  Consider joining all columns at once using pd.concat(axis=1) instead. To get a de-fragmented frame, use `newframe = frame.copy()`
  X["t_cdd_etki"] = (X.t_egim_cdd22 * X.cdd22_ort7).astype(np.float32)
C:\Users\Cem\Desktop\Datahon_Laptop\Grid-Up-Datathon---TasnifX\experiments\model29\m61_hava.py:392: PerformanceWarning: DataFrame is highly fragmented.  This is usually the result of calling `frame.insert` many times, which has poor performance.  Consider joining all columns at once using pd.concat(axis=1) instead. To get a de-fragmented frame, use `newframe = frame.copy()`
  X["t_hdd_etki"] = (X.t_egim_hdd18 * X.hdd18_ort7).astype(np.float32)
C:\Users\Cem\Desktop\Datahon_Laptop\Grid-Up-Datathon---TasnifX\experiments\model29\m61_hava.py:372: PerformanceWarning: DataFrame is highly fragmented.  This is usually the result of calling `frame.insert` many times, which has poor performance.  Consider joining all columns at once using pd.concat(axis=1) instead. To get a de-fragmented frame, use `newframe = frame.copy()`
  X[c] = s[c].to_numpy(dtype=np.float32)
C:\Users\Cem\Desktop\Datahon_Laptop\Grid-Up-Datathon---TasnifX\experiments\model29\m61_hava.py:372: PerformanceWarning: DataFrame is highly fragmented.  This is usually the result of calling `frame.insert` many times, which has poor performance.  Consider joining all columns at once using pd.concat(axis=1) instead. To get a de-fragmented frame, use `newframe = frame.copy()`
  X[c] = s[c].to_numpy(dtype=np.float32)
C:\Users\Cem\Desktop\Datahon_Laptop\Grid-Up-Datathon---TasnifX\experiments\model29\m61_hava.py:372: PerformanceWarning: DataFrame is highly fragmented.  This is usually the result of calling `frame.insert` many times, which has poor performance.  Consider joining all columns at once using pd.concat(axis=1) instead. To get a de-fragmented frame, use `newframe = frame.copy()`
  X[c] = s[c].to_numpy(dtype=np.float32)
C:\Users\Cem\Desktop\Datahon_Laptop\Grid-Up-Datathon---TasnifX\experiments\model29\m61_hava.py:372: PerformanceWarning: DataFrame is highly fragmented.  This is usually the result of calling `frame.insert` many times, which has poor performance.  Consider joining all columns at once using pd.concat(axis=1) instead. To get a de-fragmented frame, use `newframe = frame.copy()`
  X[c] = s[c].to_numpy(dtype=np.float32)
C:\Users\Cem\Desktop\Datahon_Laptop\Grid-Up-Datathon---TasnifX\experiments\model29\m61_hava.py:372: PerformanceWarning: DataFrame is highly fragmented.  This is usually the result of calling `frame.insert` many times, which has poor performance.  Consider joining all columns at once using pd.concat(axis=1) instead. To get a de-fragmented frame, use `newframe = frame.copy()`
  X[c] = s[c].to_numpy(dtype=np.float32)
C:\Users\Cem\Desktop\Datahon_Laptop\Grid-Up-Datathon---TasnifX\experiments\model29\m61_hava.py:372: PerformanceWarning: DataFrame is highly fragmented.  This is usually the result of calling `frame.insert` many times, which has poor performance.  Consider joining all columns at once using pd.concat(axis=1) instead. To get a de-fragmented frame, use `newframe = frame.copy()`
  X[c] = s[c].to_numpy(dtype=np.float32)
C:\Users\Cem\Desktop\Datahon_Laptop\Grid-Up-Datathon---TasnifX\experiments\model29\m61_hava.py:372: PerformanceWarning: DataFrame is highly fragmented.  This is usually the result of calling `frame.insert` many times, which has poor performance.  Consider joining all columns at once using pd.concat(axis=1) instead. To get a de-fragmented frame, use `newframe = frame.copy()`
  X[c] = s[c].to_numpy(dtype=np.float32)
C:\Users\Cem\Desktop\Datahon_Laptop\Grid-Up-Datathon---TasnifX\experiments\model29\m61_hava.py:372: PerformanceWarning: DataFrame is highly fragmented.  This is usually the result of calling `frame.insert` many times, which has poor performance.  Consider joining all columns at once using pd.concat(axis=1) instead. To get a de-fragmented frame, use `newframe = frame.copy()`
  X[c] = s[c].to_numpy(dtype=np.float32)
C:\Users\Cem\Desktop\Datahon_Laptop\Grid-Up-Datathon---TasnifX\experiments\model29\m61_hava.py:372: PerformanceWarning: DataFrame is highly fragmented.  This is usually the result of calling `frame.insert` many times, which has poor performance.  Consider joining all columns at once using pd.concat(axis=1) instead. To get a de-fragmented frame, use `newframe = frame.copy()`
  X[c] = s[c].to_numpy(dtype=np.float32)
C:\Users\Cem\Desktop\Datahon_Laptop\Grid-Up-Datathon---TasnifX\experiments\model29\m61_hava.py:372: PerformanceWarning: DataFrame is highly fragmented.  This is usually the result of calling `frame.insert` many times, which has poor performance.  Consider joining all columns at once using pd.concat(axis=1) instead. To get a de-fragmented frame, use `newframe = frame.copy()`
  X[c] = s[c].to_numpy(dtype=np.float32)
C:\Users\Cem\Desktop\Datahon_Laptop\Grid-Up-Datathon---TasnifX\experiments\model29\m61_hava.py:372: PerformanceWarning: DataFrame is highly fragmented.  This is usually the result of calling `frame.insert` many times, which has poor performance.  Consider joining all columns at once using pd.concat(axis=1) instead. To get a de-fragmented frame, use `newframe = frame.copy()`
  X[c] = s[c].to_numpy(dtype=np.float32)
C:\Users\Cem\Desktop\Datahon_Laptop\Grid-Up-Datathon---TasnifX\experiments\model29\m61_hava.py:372: PerformanceWarning: DataFrame is highly fragmented.  This is usually the result of calling `frame.insert` many times, which has poor performance.  Consider joining all columns at once using pd.concat(axis=1) instead. To get a de-fragmented frame, use `newframe = frame.copy()`
  X[c] = s[c].to_numpy(dtype=np.float32)
C:\Users\Cem\Desktop\Datahon_Laptop\Grid-Up-Datathon---TasnifX\experiments\model29\m61_hava.py:372: PerformanceWarning: DataFrame is highly fragmented.  This is usually the result of calling `frame.insert` many times, which has poor performance.  Consider joining all columns at once using pd.concat(axis=1) instead. To get a de-fragmented frame, use `newframe = frame.copy()`
  X[c] = s[c].to_numpy(dtype=np.float32)
C:\Users\Cem\Desktop\Datahon_Laptop\Grid-Up-Datathon---TasnifX\experiments\model29\m61_hava.py:372: PerformanceWarning: DataFrame is highly fragmented.  This is usually the result of calling `frame.insert` many times, which has poor performance.  Consider joining all columns at once using pd.concat(axis=1) instead. To get a de-fragmented frame, use `newframe = frame.copy()`
  X[c] = s[c].to_numpy(dtype=np.float32)
C:\Users\Cem\Desktop\Datahon_Laptop\Grid-Up-Datathon---TasnifX\experiments\model29\m61_hava.py:372: PerformanceWarning: DataFrame is highly fragmented.  This is usually the result of calling `frame.insert` many times, which has poor performance.  Consider joining all columns at once using pd.concat(axis=1) instead. To get a de-fragmented frame, use `newframe = frame.copy()`
  X[c] = s[c].to_numpy(dtype=np.float32)
C:\Users\Cem\Desktop\Datahon_Laptop\Grid-Up-Datathon---TasnifX\experiments\model29\m61_hava.py:372: PerformanceWarning: DataFrame is highly fragmented.  This is usually the result of calling `frame.insert` many times, which has poor performance.  Consider joining all columns at once using pd.concat(axis=1) instead. To get a de-fragmented frame, use `newframe = frame.copy()`
  X[c] = s[c].to_numpy(dtype=np.float32)
C:\Users\Cem\Desktop\Datahon_Laptop\Grid-Up-Datathon---TasnifX\experiments\model29\m61_hava.py:372: PerformanceWarning: DataFrame is highly fragmented.  This is usually the result of calling `frame.insert` many times, which has poor performance.  Consider joining all columns at once using pd.concat(axis=1) instead. To get a de-fragmented frame, use `newframe = frame.copy()`
  X[c] = s[c].to_numpy(dtype=np.float32)
C:\Users\Cem\Desktop\Datahon_Laptop\Grid-Up-Datathon---TasnifX\experiments\model29\m61_hava.py:372: PerformanceWarning: DataFrame is highly fragmented.  This is usually the result of calling `frame.insert` many times, which has poor performance.  Consider joining all columns at once using pd.concat(axis=1) instead. To get a de-fragmented frame, use `newframe = frame.copy()`
  X[c] = s[c].to_numpy(dtype=np.float32)
C:\Users\Cem\Desktop\Datahon_Laptop\Grid-Up-Datathon---TasnifX\experiments\model29\m61_hava.py:372: PerformanceWarning: DataFrame is highly fragmented.  This is usually the result of calling `frame.insert` many times, which has poor performance.  Consider joining all columns at once using pd.concat(axis=1) instead. To get a de-fragmented frame, use `newframe = frame.copy()`
  X[c] = s[c].to_numpy(dtype=np.float32)
C:\Users\Cem\Desktop\Datahon_Laptop\Grid-Up-Datathon---TasnifX\experiments\model29\m61_hava.py:372: PerformanceWarning: DataFrame is highly fragmented.  This is usually the result of calling `frame.insert` many times, which has poor performance.  Consider joining all columns at once using pd.concat(axis=1) instead. To get a de-fragmented frame, use `newframe = frame.copy()`
  X[c] = s[c].to_numpy(dtype=np.float32)
C:\Users\Cem\Desktop\Datahon_Laptop\Grid-Up-Datathon---TasnifX\experiments\model29\m61_hava.py:373: PerformanceWarning: DataFrame is highly fragmented.  This is usually the result of calling `frame.insert` many times, which has poor performance.  Consider joining all columns at once using pd.concat(axis=1) instead. To get a de-fragmented frame, use `newframe = frame.copy()`
  X["d_guc_payi"] = (X.guc / X["d_ilce_toplam_guc"]).astype(np.float32)
C:\Users\Cem\Desktop\Datahon_Laptop\Grid-Up-Datathon---TasnifX\experiments\model29\m61_hava.py:374: PerformanceWarning: DataFrame is highly fragmented.  This is usually the result of calling `frame.insert` many times, which has poor performance.  Consider joining all columns at once using pd.concat(axis=1) instead. To get a de-fragmented frame, use `newframe = frame.copy()`
  X["d_guc_medyan_orani"] = (X.guc / X["d_ilce_guc_medyan"]).astype(np.float32)
C:\Users\Cem\Desktop\Datahon_Laptop\Grid-Up-Datathon---TasnifX\experiments\model29\m61_hava.py:380: PerformanceWarning: DataFrame is highly fragmented.  This is usually the result of calling `frame.insert` many times, which has poor performance.  Consider joining all columns at once using pd.concat(axis=1) instead. To get a de-fragmented frame, use `newframe = frame.copy()`
  X[c] = d[c].to_numpy(dtype=np.float32)
C:\Users\Cem\Desktop\Datahon_Laptop\Grid-Up-Datathon---TasnifX\experiments\model29\m61_hava.py:380: PerformanceWarning: DataFrame is highly fragmented.  This is usually the result of calling `frame.insert` many times, which has poor performance.  Consider joining all columns at once using pd.concat(axis=1) instead. To get a de-fragmented frame, use `newframe = frame.copy()`
  X[c] = d[c].to_numpy(dtype=np.float32)
C:\Users\Cem\Desktop\Datahon_Laptop\Grid-Up-Datathon---TasnifX\experiments\model29\m61_hava.py:380: PerformanceWarning: DataFrame is highly fragmented.  This is usually the result of calling `frame.insert` many times, which has poor performance.  Consider joining all columns at once using pd.concat(axis=1) instead. To get a de-fragmented frame, use `newframe = frame.copy()`
  X[c] = d[c].to_numpy(dtype=np.float32)
C:\Users\Cem\Desktop\Datahon_Laptop\Grid-Up-Datathon---TasnifX\experiments\model29\m61_hava.py:380: PerformanceWarning: DataFrame is highly fragmented.  This is usually the result of calling `frame.insert` many times, which has poor performance.  Consider joining all columns at once using pd.concat(axis=1) instead. To get a de-fragmented frame, use `newframe = frame.copy()`
  X[c] = d[c].to_numpy(dtype=np.float32)
C:\Users\Cem\Desktop\Datahon_Laptop\Grid-Up-Datathon---TasnifX\experiments\model29\m61_hava.py:380: PerformanceWarning: DataFrame is highly fragmented.  This is usually the result of calling `frame.insert` many times, which has poor performance.  Consider joining all columns at once using pd.concat(axis=1) instead. To get a de-fragmented frame, use `newframe = frame.copy()`
  X[c] = d[c].to_numpy(dtype=np.float32)
C:\Users\Cem\Desktop\Datahon_Laptop\Grid-Up-Datathon---TasnifX\experiments\model29\m61_hava.py:383: PerformanceWarning: DataFrame is highly fragmented.  This is usually the result of calling `frame.insert` many times, which has poor performance.  Consider joining all columns at once using pd.concat(axis=1) instead. To get a de-fragmented frame, use `newframe = frame.copy()`
  X[c] = g[c].to_numpy(dtype=np.float32)
C:\Users\Cem\Desktop\Datahon_Laptop\Grid-Up-Datathon---TasnifX\experiments\model29\m61_hava.py:383: PerformanceWarning: DataFrame is highly fragmented.  This is usually the result of calling `frame.insert` many times, which has poor performance.  Consider joining all columns at once using pd.concat(axis=1) instead. To get a de-fragmented frame, use `newframe = frame.copy()`
  X[c] = g[c].to_numpy(dtype=np.float32)
C:\Users\Cem\Desktop\Datahon_Laptop\Grid-Up-Datathon---TasnifX\experiments\model29\m61_hava.py:387: PerformanceWarning: DataFrame is highly fragmented.  This is usually the result of calling `frame.insert` many times, which has poor performance.  Consider joining all columns at once using pd.concat(axis=1) instead. To get a de-fragmented frame, use `newframe = frame.copy()`
  X[c] = s[c].to_numpy(dtype=np.float32)
C:\Users\Cem\Desktop\Datahon_Laptop\Grid-Up-Datathon---TasnifX\experiments\model29\m61_hava.py:387: PerformanceWarning: DataFrame is highly fragmented.  This is usually the result of calling `frame.insert` many times, which has poor performance.  Consider joining all columns at once using pd.concat(axis=1) instead. To get a de-fragmented frame, use `newframe = frame.copy()`
  X[c] = s[c].to_numpy(dtype=np.float32)
C:\Users\Cem\Desktop\Datahon_Laptop\Grid-Up-Datathon---TasnifX\experiments\model29\m61_hava.py:390: PerformanceWarning: DataFrame is highly fragmented.  This is usually the result of calling `frame.insert` many times, which has poor performance.  Consider joining all columns at once using pd.concat(axis=1) instead. To get a de-fragmented frame, use `newframe = frame.copy()`
  X[c] = meta.tanim.map(eg[c]).to_numpy(dtype=np.float32)
C:\Users\Cem\Desktop\Datahon_Laptop\Grid-Up-Datathon---TasnifX\experiments\model29\m61_hava.py:390: PerformanceWarning: DataFrame is highly fragmented.  This is usually the result of calling `frame.insert` many times, which has poor performance.  Consider joining all columns at once using pd.concat(axis=1) instead. To get a de-fragmented frame, use `newframe = frame.copy()`
  X[c] = meta.tanim.map(eg[c]).to_numpy(dtype=np.float32)
C:\Users\Cem\Desktop\Datahon_Laptop\Grid-Up-Datathon---TasnifX\experiments\model29\m61_hava.py:391: PerformanceWarning: DataFrame is highly fragmented.  This is usually the result of calling `frame.insert` many times, which has poor performance.  Consider joining all columns at once using pd.concat(axis=1) instead. To get a de-fragmented frame, use `newframe = frame.copy()`
  X["t_cdd_etki"] = (X.t_egim_cdd22 * X.cdd22_ort7).astype(np.float32)
C:\Users\Cem\Desktop\Datahon_Laptop\Grid-Up-Datathon---TasnifX\experiments\model29\m61_hava.py:392: PerformanceWarning: DataFrame is highly fragmented.  This is usually the result of calling `frame.insert` many times, which has poor performance.  Consider joining all columns at once using pd.concat(axis=1) instead. To get a de-fragmented frame, use `newframe = frame.copy()`
  X["t_hdd_etki"] = (X.t_egim_hdd18 * X.hdd18_ort7).astype(np.float32)
C:\Users\Cem\Desktop\Datahon_Laptop\Grid-Up-Datathon---TasnifX\experiments\model29\m61_hava.py:372: PerformanceWarning: DataFrame is highly fragmented.  This is usually the result of calling `frame.insert` many times, which has poor performance.  Consider joining all columns at once using pd.concat(axis=1) instead. To get a de-fragmented frame, use `newframe = frame.copy()`
  X[c] = s[c].to_numpy(dtype=np.float32)
C:\Users\Cem\Desktop\Datahon_Laptop\Grid-Up-Datathon---TasnifX\experiments\model29\m61_hava.py:372: PerformanceWarning: DataFrame is highly fragmented.  This is usually the result of calling `frame.insert` many times, which has poor performance.  Consider joining all columns at once using pd.concat(axis=1) instead. To get a de-fragmented frame, use `newframe = frame.copy()`
  X[c] = s[c].to_numpy(dtype=np.float32)
C:\Users\Cem\Desktop\Datahon_Laptop\Grid-Up-Datathon---TasnifX\experiments\model29\m61_hava.py:372: PerformanceWarning: DataFrame is highly fragmented.  This is usually the result of calling `frame.insert` many times, which has poor performance.  Consider joining all columns at once using pd.concat(axis=1) instead. To get a de-fragmented frame, use `newframe = frame.copy()`
  X[c] = s[c].to_numpy(dtype=np.float32)
C:\Users\Cem\Desktop\Datahon_Laptop\Grid-Up-Datathon---TasnifX\experiments\model29\m61_hava.py:372: PerformanceWarning: DataFrame is highly fragmented.  This is usually the result of calling `frame.insert` many times, which has poor performance.  Consider joining all columns at once using pd.concat(axis=1) instead. To get a de-fragmented frame, use `newframe = frame.copy()`
  X[c] = s[c].to_numpy(dtype=np.float32)
C:\Users\Cem\Desktop\Datahon_Laptop\Grid-Up-Datathon---TasnifX\experiments\model29\m61_hava.py:372: PerformanceWarning: DataFrame is highly fragmented.  This is usually the result of calling `frame.insert` many times, which has poor performance.  Consider joining all columns at once using pd.concat(axis=1) instead. To get a de-fragmented frame, use `newframe = frame.copy()`
  X[c] = s[c].to_numpy(dtype=np.float32)
C:\Users\Cem\Desktop\Datahon_Laptop\Grid-Up-Datathon---TasnifX\experiments\model29\m61_hava.py:372: PerformanceWarning: DataFrame is highly fragmented.  This is usually the result of calling `frame.insert` many times, which has poor performance.  Consider joining all columns at once using pd.concat(axis=1) instead. To get a de-fragmented frame, use `newframe = frame.copy()`
  X[c] = s[c].to_numpy(dtype=np.float32)
C:\Users\Cem\Desktop\Datahon_Laptop\Grid-Up-Datathon---TasnifX\experiments\model29\m61_hava.py:372: PerformanceWarning: DataFrame is highly fragmented.  This is usually the result of calling `frame.insert` many times, which has poor performance.  Consider joining all columns at once using pd.concat(axis=1) instead. To get a de-fragmented frame, use `newframe = frame.copy()`
  X[c] = s[c].to_numpy(dtype=np.float32)
C:\Users\Cem\Desktop\Datahon_Laptop\Grid-Up-Datathon---TasnifX\experiments\model29\m61_hava.py:372: PerformanceWarning: DataFrame is highly fragmented.  This is usually the result of calling `frame.insert` many times, which has poor performance.  Consider joining all columns at once using pd.concat(axis=1) instead. To get a de-fragmented frame, use `newframe = frame.copy()`
  X[c] = s[c].to_numpy(dtype=np.float32)
C:\Users\Cem\Desktop\Datahon_Laptop\Grid-Up-Datathon---TasnifX\experiments\model29\m61_hava.py:372: PerformanceWarning: DataFrame is highly fragmented.  This is usually the result of calling `frame.insert` many times, which has poor performance.  Consider joining all columns at once using pd.concat(axis=1) instead. To get a de-fragmented frame, use `newframe = frame.copy()`
  X[c] = s[c].to_numpy(dtype=np.float32)
C:\Users\Cem\Desktop\Datahon_Laptop\Grid-Up-Datathon---TasnifX\experiments\model29\m61_hava.py:372: PerformanceWarning: DataFrame is highly fragmented.  This is usually the result of calling `frame.insert` many times, which has poor performance.  Consider joining all columns at once using pd.concat(axis=1) instead. To get a de-fragmented frame, use `newframe = frame.copy()`
  X[c] = s[c].to_numpy(dtype=np.float32)
C:\Users\Cem\Desktop\Datahon_Laptop\Grid-Up-Datathon---TasnifX\experiments\model29\m61_hava.py:372: PerformanceWarning: DataFrame is highly fragmented.  This is usually the result of calling `frame.insert` many times, which has poor performance.  Consider joining all columns at once using pd.concat(axis=1) instead. To get a de-fragmented frame, use `newframe = frame.copy()`
  X[c] = s[c].to_numpy(dtype=np.float32)
C:\Users\Cem\Desktop\Datahon_Laptop\Grid-Up-Datathon---TasnifX\experiments\model29\m61_hava.py:372: PerformanceWarning: DataFrame is highly fragmented.  This is usually the result of calling `frame.insert` many times, which has poor performance.  Consider joining all columns at once using pd.concat(axis=1) instead. To get a de-fragmented frame, use `newframe = frame.copy()`
  X[c] = s[c].to_numpy(dtype=np.float32)
C:\Users\Cem\Desktop\Datahon_Laptop\Grid-Up-Datathon---TasnifX\experiments\model29\m61_hava.py:372: PerformanceWarning: DataFrame is highly fragmented.  This is usually the result of calling `frame.insert` many times, which has poor performance.  Consider joining all columns at once using pd.concat(axis=1) instead. To get a de-fragmented frame, use `newframe = frame.copy()`
  X[c] = s[c].to_numpy(dtype=np.float32)
C:\Users\Cem\Desktop\Datahon_Laptop\Grid-Up-Datathon---TasnifX\experiments\model29\m61_hava.py:372: PerformanceWarning: DataFrame is highly fragmented.  This is usually the result of calling `frame.insert` many times, which has poor performance.  Consider joining all columns at once using pd.concat(axis=1) instead. To get a de-fragmented frame, use `newframe = frame.copy()`
  X[c] = s[c].to_numpy(dtype=np.float32)
C:\Users\Cem\Desktop\Datahon_Laptop\Grid-Up-Datathon---TasnifX\experiments\model29\m61_hava.py:372: PerformanceWarning: DataFrame is highly fragmented.  This is usually the result of calling `frame.insert` many times, which has poor performance.  Consider joining all columns at once using pd.concat(axis=1) instead. To get a de-fragmented frame, use `newframe = frame.copy()`
  X[c] = s[c].to_numpy(dtype=np.float32)
C:\Users\Cem\Desktop\Datahon_Laptop\Grid-Up-Datathon---TasnifX\experiments\model29\m61_hava.py:372: PerformanceWarning: DataFrame is highly fragmented.  This is usually the result of calling `frame.insert` many times, which has poor performance.  Consider joining all columns at once using pd.concat(axis=1) instead. To get a de-fragmented frame, use `newframe = frame.copy()`
  X[c] = s[c].to_numpy(dtype=np.float32)
C:\Users\Cem\Desktop\Datahon_Laptop\Grid-Up-Datathon---TasnifX\experiments\model29\m61_hava.py:372: PerformanceWarning: DataFrame is highly fragmented.  This is usually the result of calling `frame.insert` many times, which has poor performance.  Consider joining all columns at once using pd.concat(axis=1) instead. To get a de-fragmented frame, use `newframe = frame.copy()`
  X[c] = s[c].to_numpy(dtype=np.float32)
C:\Users\Cem\Desktop\Datahon_Laptop\Grid-Up-Datathon---TasnifX\experiments\model29\m61_hava.py:372: PerformanceWarning: DataFrame is highly fragmented.  This is usually the result of calling `frame.insert` many times, which has poor performance.  Consider joining all columns at once using pd.concat(axis=1) instead. To get a de-fragmented frame, use `newframe = frame.copy()`
  X[c] = s[c].to_numpy(dtype=np.float32)
C:\Users\Cem\Desktop\Datahon_Laptop\Grid-Up-Datathon---TasnifX\experiments\model29\m61_hava.py:372: PerformanceWarning: DataFrame is highly fragmented.  This is usually the result of calling `frame.insert` many times, which has poor performance.  Consider joining all columns at once using pd.concat(axis=1) instead. To get a de-fragmented frame, use `newframe = frame.copy()`
  X[c] = s[c].to_numpy(dtype=np.float32)
C:\Users\Cem\Desktop\Datahon_Laptop\Grid-Up-Datathon---TasnifX\experiments\model29\m61_hava.py:372: PerformanceWarning: DataFrame is highly fragmented.  This is usually the result of calling `frame.insert` many times, which has poor performance.  Consider joining all columns at once using pd.concat(axis=1) instead. To get a de-fragmented frame, use `newframe = frame.copy()`
  X[c] = s[c].to_numpy(dtype=np.float32)
C:\Users\Cem\Desktop\Datahon_Laptop\Grid-Up-Datathon---TasnifX\experiments\model29\m61_hava.py:373: PerformanceWarning: DataFrame is highly fragmented.  This is usually the result of calling `frame.insert` many times, which has poor performance.  Consider joining all columns at once using pd.concat(axis=1) instead. To get a de-fragmented frame, use `newframe = frame.copy()`
  X["d_guc_payi"] = (X.guc / X["d_ilce_toplam_guc"]).astype(np.float32)
C:\Users\Cem\Desktop\Datahon_Laptop\Grid-Up-Datathon---TasnifX\experiments\model29\m61_hava.py:374: PerformanceWarning: DataFrame is highly fragmented.  This is usually the result of calling `frame.insert` many times, which has poor performance.  Consider joining all columns at once using pd.concat(axis=1) instead. To get a de-fragmented frame, use `newframe = frame.copy()`
  X["d_guc_medyan_orani"] = (X.guc / X["d_ilce_guc_medyan"]).astype(np.float32)
C:\Users\Cem\Desktop\Datahon_Laptop\Grid-Up-Datathon---TasnifX\experiments\model29\m61_hava.py:380: PerformanceWarning: DataFrame is highly fragmented.  This is usually the result of calling `frame.insert` many times, which has poor performance.  Consider joining all columns at once using pd.concat(axis=1) instead. To get a de-fragmented frame, use `newframe = frame.copy()`
  X[c] = d[c].to_numpy(dtype=np.float32)
C:\Users\Cem\Desktop\Datahon_Laptop\Grid-Up-Datathon---TasnifX\experiments\model29\m61_hava.py:380: PerformanceWarning: DataFrame is highly fragmented.  This is usually the result of calling `frame.insert` many times, which has poor performance.  Consider joining all columns at once using pd.concat(axis=1) instead. To get a de-fragmented frame, use `newframe = frame.copy()`
  X[c] = d[c].to_numpy(dtype=np.float32)
C:\Users\Cem\Desktop\Datahon_Laptop\Grid-Up-Datathon---TasnifX\experiments\model29\m61_hava.py:380: PerformanceWarning: DataFrame is highly fragmented.  This is usually the result of calling `frame.insert` many times, which has poor performance.  Consider joining all columns at once using pd.concat(axis=1) instead. To get a de-fragmented frame, use `newframe = frame.copy()`
  X[c] = d[c].to_numpy(dtype=np.float32)
C:\Users\Cem\Desktop\Datahon_Laptop\Grid-Up-Datathon---TasnifX\experiments\model29\m61_hava.py:380: PerformanceWarning: DataFrame is highly fragmented.  This is usually the result of calling `frame.insert` many times, which has poor performance.  Consider joining all columns at once using pd.concat(axis=1) instead. To get a de-fragmented frame, use `newframe = frame.copy()`
  X[c] = d[c].to_numpy(dtype=np.float32)
C:\Users\Cem\Desktop\Datahon_Laptop\Grid-Up-Datathon---TasnifX\experiments\model29\m61_hava.py:380: PerformanceWarning: DataFrame is highly fragmented.  This is usually the result of calling `frame.insert` many times, which has poor performance.  Consider joining all columns at once using pd.concat(axis=1) instead. To get a de-fragmented frame, use `newframe = frame.copy()`
  X[c] = d[c].to_numpy(dtype=np.float32)
C:\Users\Cem\Desktop\Datahon_Laptop\Grid-Up-Datathon---TasnifX\experiments\model29\m61_hava.py:383: PerformanceWarning: DataFrame is highly fragmented.  This is usually the result of calling `frame.insert` many times, which has poor performance.  Consider joining all columns at once using pd.concat(axis=1) instead. To get a de-fragmented frame, use `newframe = frame.copy()`
  X[c] = g[c].to_numpy(dtype=np.float32)
C:\Users\Cem\Desktop\Datahon_Laptop\Grid-Up-Datathon---TasnifX\experiments\model29\m61_hava.py:383: PerformanceWarning: DataFrame is highly fragmented.  This is usually the result of calling `frame.insert` many times, which has poor performance.  Consider joining all columns at once using pd.concat(axis=1) instead. To get a de-fragmented frame, use `newframe = frame.copy()`
  X[c] = g[c].to_numpy(dtype=np.float32)
C:\Users\Cem\Desktop\Datahon_Laptop\Grid-Up-Datathon---TasnifX\experiments\model29\m61_hava.py:387: PerformanceWarning: DataFrame is highly fragmented.  This is usually the result of calling `frame.insert` many times, which has poor performance.  Consider joining all columns at once using pd.concat(axis=1) instead. To get a de-fragmented frame, use `newframe = frame.copy()`
  X[c] = s[c].to_numpy(dtype=np.float32)
C:\Users\Cem\Desktop\Datahon_Laptop\Grid-Up-Datathon---TasnifX\experiments\model29\m61_hava.py:387: PerformanceWarning: DataFrame is highly fragmented.  This is usually the result of calling `frame.insert` many times, which has poor performance.  Consider joining all columns at once using pd.concat(axis=1) instead. To get a de-fragmented frame, use `newframe = frame.copy()`
  X[c] = s[c].to_numpy(dtype=np.float32)
C:\Users\Cem\Desktop\Datahon_Laptop\Grid-Up-Datathon---TasnifX\experiments\model29\m61_hava.py:390: PerformanceWarning: DataFrame is highly fragmented.  This is usually the result of calling `frame.insert` many times, which has poor performance.  Consider joining all columns at once using pd.concat(axis=1) instead. To get a de-fragmented frame, use `newframe = frame.copy()`
  X[c] = meta.tanim.map(eg[c]).to_numpy(dtype=np.float32)
C:\Users\Cem\Desktop\Datahon_Laptop\Grid-Up-Datathon---TasnifX\experiments\model29\m61_hava.py:390: PerformanceWarning: DataFrame is highly fragmented.  This is usually the result of calling `frame.insert` many times, which has poor performance.  Consider joining all columns at once using pd.concat(axis=1) instead. To get a de-fragmented frame, use `newframe = frame.copy()`
  X[c] = meta.tanim.map(eg[c]).to_numpy(dtype=np.float32)
C:\Users\Cem\Desktop\Datahon_Laptop\Grid-Up-Datathon---TasnifX\experiments\model29\m61_hava.py:391: PerformanceWarning: DataFrame is highly fragmented.  This is usually the result of calling `frame.insert` many times, which has poor performance.  Consider joining all columns at once using pd.concat(axis=1) instead. To get a de-fragmented frame, use `newframe = frame.copy()`
  X["t_cdd_etki"] = (X.t_egim_cdd22 * X.cdd22_ort7).astype(np.float32)
C:\Users\Cem\Desktop\Datahon_Laptop\Grid-Up-Datathon---TasnifX\experiments\model29\m61_hava.py:392: PerformanceWarning: DataFrame is highly fragmented.  This is usually the result of calling `frame.insert` many times, which has poor performance.  Consider joining all columns at once using pd.concat(axis=1) instead. To get a de-fragmented frame, use `newframe = frame.copy()`
  X["t_hdd_etki"] = (X.t_egim_hdd18 * X.hdd18_ort7).astype(np.float32)
C:\Users\Cem\Desktop\Datahon_Laptop\Grid-Up-Datathon---TasnifX\experiments\model29\m61_hava.py:372: PerformanceWarning: DataFrame is highly fragmented.  This is usually the result of calling `frame.insert` many times, which has poor performance.  Consider joining all columns at once using pd.concat(axis=1) instead. To get a de-fragmented frame, use `newframe = frame.copy()`
  X[c] = s[c].to_numpy(dtype=np.float32)
C:\Users\Cem\Desktop\Datahon_Laptop\Grid-Up-Datathon---TasnifX\experiments\model29\m61_hava.py:372: PerformanceWarning: DataFrame is highly fragmented.  This is usually the result of calling `frame.insert` many times, which has poor performance.  Consider joining all columns at once using pd.concat(axis=1) instead. To get a de-fragmented frame, use `newframe = frame.copy()`
  X[c] = s[c].to_numpy(dtype=np.float32)
C:\Users\Cem\Desktop\Datahon_Laptop\Grid-Up-Datathon---TasnifX\experiments\model29\m61_hava.py:372: PerformanceWarning: DataFrame is highly fragmented.  This is usually the result of calling `frame.insert` many times, which has poor performance.  Consider joining all columns at once using pd.concat(axis=1) instead. To get a de-fragmented frame, use `newframe = frame.copy()`
  X[c] = s[c].to_numpy(dtype=np.float32)
C:\Users\Cem\Desktop\Datahon_Laptop\Grid-Up-Datathon---TasnifX\experiments\model29\m61_hava.py:372: PerformanceWarning: DataFrame is highly fragmented.  This is usually the result of calling `frame.insert` many times, which has poor performance.  Consider joining all columns at once using pd.concat(axis=1) instead. To get a de-fragmented frame, use `newframe = frame.copy()`
  X[c] = s[c].to_numpy(dtype=np.float32)
C:\Users\Cem\Desktop\Datahon_Laptop\Grid-Up-Datathon---TasnifX\experiments\model29\m61_hava.py:372: PerformanceWarning: DataFrame is highly fragmented.  This is usually the result of calling `frame.insert` many times, which has poor performance.  Consider joining all columns at once using pd.concat(axis=1) instead. To get a de-fragmented frame, use `newframe = frame.copy()`
  X[c] = s[c].to_numpy(dtype=np.float32)
C:\Users\Cem\Desktop\Datahon_Laptop\Grid-Up-Datathon---TasnifX\experiments\model29\m61_hava.py:372: PerformanceWarning: DataFrame is highly fragmented.  This is usually the result of calling `frame.insert` many times, which has poor performance.  Consider joining all columns at once using pd.concat(axis=1) instead. To get a de-fragmented frame, use `newframe = frame.copy()`
  X[c] = s[c].to_numpy(dtype=np.float32)
C:\Users\Cem\Desktop\Datahon_Laptop\Grid-Up-Datathon---TasnifX\experiments\model29\m61_hava.py:372: PerformanceWarning: DataFrame is highly fragmented.  This is usually the result of calling `frame.insert` many times, which has poor performance.  Consider joining all columns at once using pd.concat(axis=1) instead. To get a de-fragmented frame, use `newframe = frame.copy()`
  X[c] = s[c].to_numpy(dtype=np.float32)
C:\Users\Cem\Desktop\Datahon_Laptop\Grid-Up-Datathon---TasnifX\experiments\model29\m61_hava.py:372: PerformanceWarning: DataFrame is highly fragmented.  This is usually the result of calling `frame.insert` many times, which has poor performance.  Consider joining all columns at once using pd.concat(axis=1) instead. To get a de-fragmented frame, use `newframe = frame.copy()`
  X[c] = s[c].to_numpy(dtype=np.float32)
C:\Users\Cem\Desktop\Datahon_Laptop\Grid-Up-Datathon---TasnifX\experiments\model29\m61_hava.py:372: PerformanceWarning: DataFrame is highly fragmented.  This is usually the result of calling `frame.insert` many times, which has poor performance.  Consider joining all columns at once using pd.concat(axis=1) instead. To get a de-fragmented frame, use `newframe = frame.copy()`
  X[c] = s[c].to_numpy(dtype=np.float32)
C:\Users\Cem\Desktop\Datahon_Laptop\Grid-Up-Datathon---TasnifX\experiments\model29\m61_hava.py:372: PerformanceWarning: DataFrame is highly fragmented.  This is usually the result of calling `frame.insert` many times, which has poor performance.  Consider joining all columns at once using pd.concat(axis=1) instead. To get a de-fragmented frame, use `newframe = frame.copy()`
  X[c] = s[c].to_numpy(dtype=np.float32)
C:\Users\Cem\Desktop\Datahon_Laptop\Grid-Up-Datathon---TasnifX\experiments\model29\m61_hava.py:372: PerformanceWarning: DataFrame is highly fragmented.  This is usually the result of calling `frame.insert` many times, which has poor performance.  Consider joining all columns at once using pd.concat(axis=1) instead. To get a de-fragmented frame, use `newframe = frame.copy()`
  X[c] = s[c].to_numpy(dtype=np.float32)
C:\Users\Cem\Desktop\Datahon_Laptop\Grid-Up-Datathon---TasnifX\experiments\model29\m61_hava.py:372: PerformanceWarning: DataFrame is highly fragmented.  This is usually the result of calling `frame.insert` many times, which has poor performance.  Consider joining all columns at once using pd.concat(axis=1) instead. To get a de-fragmented frame, use `newframe = frame.copy()`
  X[c] = s[c].to_numpy(dtype=np.float32)
C:\Users\Cem\Desktop\Datahon_Laptop\Grid-Up-Datathon---TasnifX\experiments\model29\m61_hava.py:372: PerformanceWarning: DataFrame is highly fragmented.  This is usually the result of calling `frame.insert` many times, which has poor performance.  Consider joining all columns at once using pd.concat(axis=1) instead. To get a de-fragmented frame, use `newframe = frame.copy()`
  X[c] = s[c].to_numpy(dtype=np.float32)
C:\Users\Cem\Desktop\Datahon_Laptop\Grid-Up-Datathon---TasnifX\experiments\model29\m61_hava.py:372: PerformanceWarning: DataFrame is highly fragmented.  This is usually the result of calling `frame.insert` many times, which has poor performance.  Consider joining all columns at once using pd.concat(axis=1) instead. To get a de-fragmented frame, use `newframe = frame.copy()`
  X[c] = s[c].to_numpy(dtype=np.float32)
C:\Users\Cem\Desktop\Datahon_Laptop\Grid-Up-Datathon---TasnifX\experiments\model29\m61_hava.py:372: PerformanceWarning: DataFrame is highly fragmented.  This is usually the result of calling `frame.insert` many times, which has poor performance.  Consider joining all columns at once using pd.concat(axis=1) instead. To get a de-fragmented frame, use `newframe = frame.copy()`
  X[c] = s[c].to_numpy(dtype=np.float32)
C:\Users\Cem\Desktop\Datahon_Laptop\Grid-Up-Datathon---TasnifX\experiments\model29\m61_hava.py:372: PerformanceWarning: DataFrame is highly fragmented.  This is usually the result of calling `frame.insert` many times, which has poor performance.  Consider joining all columns at once using pd.concat(axis=1) instead. To get a de-fragmented frame, use `newframe = frame.copy()`
  X[c] = s[c].to_numpy(dtype=np.float32)
C:\Users\Cem\Desktop\Datahon_Laptop\Grid-Up-Datathon---TasnifX\experiments\model29\m61_hava.py:372: PerformanceWarning: DataFrame is highly fragmented.  This is usually the result of calling `frame.insert` many times, which has poor performance.  Consider joining all columns at once using pd.concat(axis=1) instead. To get a de-fragmented frame, use `newframe = frame.copy()`
  X[c] = s[c].to_numpy(dtype=np.float32)
C:\Users\Cem\Desktop\Datahon_Laptop\Grid-Up-Datathon---TasnifX\experiments\model29\m61_hava.py:372: PerformanceWarning: DataFrame is highly fragmented.  This is usually the result of calling `frame.insert` many times, which has poor performance.  Consider joining all columns at once using pd.concat(axis=1) instead. To get a de-fragmented frame, use `newframe = frame.copy()`
  X[c] = s[c].to_numpy(dtype=np.float32)
C:\Users\Cem\Desktop\Datahon_Laptop\Grid-Up-Datathon---TasnifX\experiments\model29\m61_hava.py:372: PerformanceWarning: DataFrame is highly fragmented.  This is usually the result of calling `frame.insert` many times, which has poor performance.  Consider joining all columns at once using pd.concat(axis=1) instead. To get a de-fragmented frame, use `newframe = frame.copy()`
  X[c] = s[c].to_numpy(dtype=np.float32)
C:\Users\Cem\Desktop\Datahon_Laptop\Grid-Up-Datathon---TasnifX\experiments\model29\m61_hava.py:372: PerformanceWarning: DataFrame is highly fragmented.  This is usually the result of calling `frame.insert` many times, which has poor performance.  Consider joining all columns at once using pd.concat(axis=1) instead. To get a de-fragmented frame, use `newframe = frame.copy()`
  X[c] = s[c].to_numpy(dtype=np.float32)
C:\Users\Cem\Desktop\Datahon_Laptop\Grid-Up-Datathon---TasnifX\experiments\model29\m61_hava.py:373: PerformanceWarning: DataFrame is highly fragmented.  This is usually the result of calling `frame.insert` many times, which has poor performance.  Consider joining all columns at once using pd.concat(axis=1) instead. To get a de-fragmented frame, use `newframe = frame.copy()`
  X["d_guc_payi"] = (X.guc / X["d_ilce_toplam_guc"]).astype(np.float32)
C:\Users\Cem\Desktop\Datahon_Laptop\Grid-Up-Datathon---TasnifX\experiments\model29\m61_hava.py:374: PerformanceWarning: DataFrame is highly fragmented.  This is usually the result of calling `frame.insert` many times, which has poor performance.  Consider joining all columns at once using pd.concat(axis=1) instead. To get a de-fragmented frame, use `newframe = frame.copy()`
  X["d_guc_medyan_orani"] = (X.guc / X["d_ilce_guc_medyan"]).astype(np.float32)
C:\Users\Cem\Desktop\Datahon_Laptop\Grid-Up-Datathon---TasnifX\experiments\model29\m61_hava.py:380: PerformanceWarning: DataFrame is highly fragmented.  This is usually the result of calling `frame.insert` many times, which has poor performance.  Consider joining all columns at once using pd.concat(axis=1) instead. To get a de-fragmented frame, use `newframe = frame.copy()`
  X[c] = d[c].to_numpy(dtype=np.float32)
C:\Users\Cem\Desktop\Datahon_Laptop\Grid-Up-Datathon---TasnifX\experiments\model29\m61_hava.py:380: PerformanceWarning: DataFrame is highly fragmented.  This is usually the result of calling `frame.insert` many times, which has poor performance.  Consider joining all columns at once using pd.concat(axis=1) instead. To get a de-fragmented frame, use `newframe = frame.copy()`
  X[c] = d[c].to_numpy(dtype=np.float32)
C:\Users\Cem\Desktop\Datahon_Laptop\Grid-Up-Datathon---TasnifX\experiments\model29\m61_hava.py:380: PerformanceWarning: DataFrame is highly fragmented.  This is usually the result of calling `frame.insert` many times, which has poor performance.  Consider joining all columns at once using pd.concat(axis=1) instead. To get a de-fragmented frame, use `newframe = frame.copy()`
  X[c] = d[c].to_numpy(dtype=np.float32)
C:\Users\Cem\Desktop\Datahon_Laptop\Grid-Up-Datathon---TasnifX\experiments\model29\m61_hava.py:380: PerformanceWarning: DataFrame is highly fragmented.  This is usually the result of calling `frame.insert` many times, which has poor performance.  Consider joining all columns at once using pd.concat(axis=1) instead. To get a de-fragmented frame, use `newframe = frame.copy()`
  X[c] = d[c].to_numpy(dtype=np.float32)
C:\Users\Cem\Desktop\Datahon_Laptop\Grid-Up-Datathon---TasnifX\experiments\model29\m61_hava.py:380: PerformanceWarning: DataFrame is highly fragmented.  This is usually the result of calling `frame.insert` many times, which has poor performance.  Consider joining all columns at once using pd.concat(axis=1) instead. To get a de-fragmented frame, use `newframe = frame.copy()`
  X[c] = d[c].to_numpy(dtype=np.float32)
C:\Users\Cem\Desktop\Datahon_Laptop\Grid-Up-Datathon---TasnifX\experiments\model29\m61_hava.py:383: PerformanceWarning: DataFrame is highly fragmented.  This is usually the result of calling `frame.insert` many times, which has poor performance.  Consider joining all columns at once using pd.concat(axis=1) instead. To get a de-fragmented frame, use `newframe = frame.copy()`
  X[c] = g[c].to_numpy(dtype=np.float32)
C:\Users\Cem\Desktop\Datahon_Laptop\Grid-Up-Datathon---TasnifX\experiments\model29\m61_hava.py:383: PerformanceWarning: DataFrame is highly fragmented.  This is usually the result of calling `frame.insert` many times, which has poor performance.  Consider joining all columns at once using pd.concat(axis=1) instead. To get a de-fragmented frame, use `newframe = frame.copy()`
  X[c] = g[c].to_numpy(dtype=np.float32)
C:\Users\Cem\Desktop\Datahon_Laptop\Grid-Up-Datathon---TasnifX\experiments\model29\m61_hava.py:387: PerformanceWarning: DataFrame is highly fragmented.  This is usually the result of calling `frame.insert` many times, which has poor performance.  Consider joining all columns at once using pd.concat(axis=1) instead. To get a de-fragmented frame, use `newframe = frame.copy()`
  X[c] = s[c].to_numpy(dtype=np.float32)
C:\Users\Cem\Desktop\Datahon_Laptop\Grid-Up-Datathon---TasnifX\experiments\model29\m61_hava.py:387: PerformanceWarning: DataFrame is highly fragmented.  This is usually the result of calling `frame.insert` many times, which has poor performance.  Consider joining all columns at once using pd.concat(axis=1) instead. To get a de-fragmented frame, use `newframe = frame.copy()`
  X[c] = s[c].to_numpy(dtype=np.float32)
C:\Users\Cem\Desktop\Datahon_Laptop\Grid-Up-Datathon---TasnifX\experiments\model29\m61_hava.py:390: PerformanceWarning: DataFrame is highly fragmented.  This is usually the result of calling `frame.insert` many times, which has poor performance.  Consider joining all columns at once using pd.concat(axis=1) instead. To get a de-fragmented frame, use `newframe = frame.copy()`
  X[c] = meta.tanim.map(eg[c]).to_numpy(dtype=np.float32)
C:\Users\Cem\Desktop\Datahon_Laptop\Grid-Up-Datathon---TasnifX\experiments\model29\m61_hava.py:390: PerformanceWarning: DataFrame is highly fragmented.  This is usually the result of calling `frame.insert` many times, which has poor performance.  Consider joining all columns at once using pd.concat(axis=1) instead. To get a de-fragmented frame, use `newframe = frame.copy()`
  X[c] = meta.tanim.map(eg[c]).to_numpy(dtype=np.float32)
C:\Users\Cem\Desktop\Datahon_Laptop\Grid-Up-Datathon---TasnifX\experiments\model29\m61_hava.py:391: PerformanceWarning: DataFrame is highly fragmented.  This is usually the result of calling `frame.insert` many times, which has poor performance.  Consider joining all columns at once using pd.concat(axis=1) instead. To get a de-fragmented frame, use `newframe = frame.copy()`
  X["t_cdd_etki"] = (X.t_egim_cdd22 * X.cdd22_ort7).astype(np.float32)
C:\Users\Cem\Desktop\Datahon_Laptop\Grid-Up-Datathon---TasnifX\experiments\model29\m61_hava.py:392: PerformanceWarning: DataFrame is highly fragmented.  This is usually the result of calling `frame.insert` many times, which has poor performance.  Consider joining all columns at once using pd.concat(axis=1) instead. To get a de-fragmented frame, use `newframe = frame.copy()`
  X["t_hdd_etki"] = (X.t_egim_hdd18 * X.hdd18_ort7).astype(np.float32)
C:\Users\Cem\Desktop\Datahon_Laptop\Grid-Up-Datathon---TasnifX\experiments\model29\m61_hava.py:372: PerformanceWarning: DataFrame is highly fragmented.  This is usually the result of calling `frame.insert` many times, which has poor performance.  Consider joining all columns at once using pd.concat(axis=1) instead. To get a de-fragmented frame, use `newframe = frame.copy()`
  X[c] = s[c].to_numpy(dtype=np.float32)
C:\Users\Cem\Desktop\Datahon_Laptop\Grid-Up-Datathon---TasnifX\experiments\model29\m61_hava.py:372: PerformanceWarning: DataFrame is highly fragmented.  This is usually the result of calling `frame.insert` many times, which has poor performance.  Consider joining all columns at once using pd.concat(axis=1) instead. To get a de-fragmented frame, use `newframe = frame.copy()`
  X[c] = s[c].to_numpy(dtype=np.float32)
C:\Users\Cem\Desktop\Datahon_Laptop\Grid-Up-Datathon---TasnifX\experiments\model29\m61_hava.py:372: PerformanceWarning: DataFrame is highly fragmented.  This is usually the result of calling `frame.insert` many times, which has poor performance.  Consider joining all columns at once using pd.concat(axis=1) instead. To get a de-fragmented frame, use `newframe = frame.copy()`
  X[c] = s[c].to_numpy(dtype=np.float32)
C:\Users\Cem\Desktop\Datahon_Laptop\Grid-Up-Datathon---TasnifX\experiments\model29\m61_hava.py:372: PerformanceWarning: DataFrame is highly fragmented.  This is usually the result of calling `frame.insert` many times, which has poor performance.  Consider joining all columns at once using pd.concat(axis=1) instead. To get a de-fragmented frame, use `newframe = frame.copy()`
  X[c] = s[c].to_numpy(dtype=np.float32)
C:\Users\Cem\Desktop\Datahon_Laptop\Grid-Up-Datathon---TasnifX\experiments\model29\m61_hava.py:372: PerformanceWarning: DataFrame is highly fragmented.  This is usually the result of calling `frame.insert` many times, which has poor performance.  Consider joining all columns at once using pd.concat(axis=1) instead. To get a de-fragmented frame, use `newframe = frame.copy()`
  X[c] = s[c].to_numpy(dtype=np.float32)
C:\Users\Cem\Desktop\Datahon_Laptop\Grid-Up-Datathon---TasnifX\experiments\model29\m61_hava.py:372: PerformanceWarning: DataFrame is highly fragmented.  This is usually the result of calling `frame.insert` many times, which has poor performance.  Consider joining all columns at once using pd.concat(axis=1) instead. To get a de-fragmented frame, use `newframe = frame.copy()`
  X[c] = s[c].to_numpy(dtype=np.float32)
C:\Users\Cem\Desktop\Datahon_Laptop\Grid-Up-Datathon---TasnifX\experiments\model29\m61_hava.py:372: PerformanceWarning: DataFrame is highly fragmented.  This is usually the result of calling `frame.insert` many times, which has poor performance.  Consider joining all columns at once using pd.concat(axis=1) instead. To get a de-fragmented frame, use `newframe = frame.copy()`
  X[c] = s[c].to_numpy(dtype=np.float32)
C:\Users\Cem\Desktop\Datahon_Laptop\Grid-Up-Datathon---TasnifX\experiments\model29\m61_hava.py:372: PerformanceWarning: DataFrame is highly fragmented.  This is usually the result of calling `frame.insert` many times, which has poor performance.  Consider joining all columns at once using pd.concat(axis=1) instead. To get a de-fragmented frame, use `newframe = frame.copy()`
  X[c] = s[c].to_numpy(dtype=np.float32)
C:\Users\Cem\Desktop\Datahon_Laptop\Grid-Up-Datathon---TasnifX\experiments\model29\m61_hava.py:372: PerformanceWarning: DataFrame is highly fragmented.  This is usually the result of calling `frame.insert` many times, which has poor performance.  Consider joining all columns at once using pd.concat(axis=1) instead. To get a de-fragmented frame, use `newframe = frame.copy()`
  X[c] = s[c].to_numpy(dtype=np.float32)
C:\Users\Cem\Desktop\Datahon_Laptop\Grid-Up-Datathon---TasnifX\experiments\model29\m61_hava.py:372: PerformanceWarning: DataFrame is highly fragmented.  This is usually the result of calling `frame.insert` many times, which has poor performance.  Consider joining all columns at once using pd.concat(axis=1) instead. To get a de-fragmented frame, use `newframe = frame.copy()`
  X[c] = s[c].to_numpy(dtype=np.float32)
C:\Users\Cem\Desktop\Datahon_Laptop\Grid-Up-Datathon---TasnifX\experiments\model29\m61_hava.py:372: PerformanceWarning: DataFrame is highly fragmented.  This is usually the result of calling `frame.insert` many times, which has poor performance.  Consider joining all columns at once using pd.concat(axis=1) instead. To get a de-fragmented frame, use `newframe = frame.copy()`
  X[c] = s[c].to_numpy(dtype=np.float32)
C:\Users\Cem\Desktop\Datahon_Laptop\Grid-Up-Datathon---TasnifX\experiments\model29\m61_hava.py:372: PerformanceWarning: DataFrame is highly fragmented.  This is usually the result of calling `frame.insert` many times, which has poor performance.  Consider joining all columns at once using pd.concat(axis=1) instead. To get a de-fragmented frame, use `newframe = frame.copy()`
  X[c] = s[c].to_numpy(dtype=np.float32)
C:\Users\Cem\Desktop\Datahon_Laptop\Grid-Up-Datathon---TasnifX\experiments\model29\m61_hava.py:372: PerformanceWarning: DataFrame is highly fragmented.  This is usually the result of calling `frame.insert` many times, which has poor performance.  Consider joining all columns at once using pd.concat(axis=1) instead. To get a de-fragmented frame, use `newframe = frame.copy()`
  X[c] = s[c].to_numpy(dtype=np.float32)
C:\Users\Cem\Desktop\Datahon_Laptop\Grid-Up-Datathon---TasnifX\experiments\model29\m61_hava.py:372: PerformanceWarning: DataFrame is highly fragmented.  This is usually the result of calling `frame.insert` many times, which has poor performance.  Consider joining all columns at once using pd.concat(axis=1) instead. To get a de-fragmented frame, use `newframe = frame.copy()`
  X[c] = s[c].to_numpy(dtype=np.float32)
C:\Users\Cem\Desktop\Datahon_Laptop\Grid-Up-Datathon---TasnifX\experiments\model29\m61_hava.py:372: PerformanceWarning: DataFrame is highly fragmented.  This is usually the result of calling `frame.insert` many times, which has poor performance.  Consider joining all columns at once using pd.concat(axis=1) instead. To get a de-fragmented frame, use `newframe = frame.copy()`
  X[c] = s[c].to_numpy(dtype=np.float32)
C:\Users\Cem\Desktop\Datahon_Laptop\Grid-Up-Datathon---TasnifX\experiments\model29\m61_hava.py:372: PerformanceWarning: DataFrame is highly fragmented.  This is usually the result of calling `frame.insert` many times, which has poor performance.  Consider joining all columns at once using pd.concat(axis=1) instead. To get a de-fragmented frame, use `newframe = frame.copy()`
  X[c] = s[c].to_numpy(dtype=np.float32)
C:\Users\Cem\Desktop\Datahon_Laptop\Grid-Up-Datathon---TasnifX\experiments\model29\m61_hava.py:372: PerformanceWarning: DataFrame is highly fragmented.  This is usually the result of calling `frame.insert` many times, which has poor performance.  Consider joining all columns at once using pd.concat(axis=1) instead. To get a de-fragmented frame, use `newframe = frame.copy()`
  X[c] = s[c].to_numpy(dtype=np.float32)
C:\Users\Cem\Desktop\Datahon_Laptop\Grid-Up-Datathon---TasnifX\experiments\model29\m61_hava.py:372: PerformanceWarning: DataFrame is highly fragmented.  This is usually the result of calling `frame.insert` many times, which has poor performance.  Consider joining all columns at once using pd.concat(axis=1) instead. To get a de-fragmented frame, use `newframe = frame.copy()`
  X[c] = s[c].to_numpy(dtype=np.float32)
C:\Users\Cem\Desktop\Datahon_Laptop\Grid-Up-Datathon---TasnifX\experiments\model29\m61_hava.py:372: PerformanceWarning: DataFrame is highly fragmented.  This is usually the result of calling `frame.insert` many times, which has poor performance.  Consider joining all columns at once using pd.concat(axis=1) instead. To get a de-fragmented frame, use `newframe = frame.copy()`
  X[c] = s[c].to_numpy(dtype=np.float32)
C:\Users\Cem\Desktop\Datahon_Laptop\Grid-Up-Datathon---TasnifX\experiments\model29\m61_hava.py:372: PerformanceWarning: DataFrame is highly fragmented.  This is usually the result of calling `frame.insert` many times, which has poor performance.  Consider joining all columns at once using pd.concat(axis=1) instead. To get a de-fragmented frame, use `newframe = frame.copy()`
  X[c] = s[c].to_numpy(dtype=np.float32)
C:\Users\Cem\Desktop\Datahon_Laptop\Grid-Up-Datathon---TasnifX\experiments\model29\m61_hava.py:373: PerformanceWarning: DataFrame is highly fragmented.  This is usually the result of calling `frame.insert` many times, which has poor performance.  Consider joining all columns at once using pd.concat(axis=1) instead. To get a de-fragmented frame, use `newframe = frame.copy()`
  X["d_guc_payi"] = (X.guc / X["d_ilce_toplam_guc"]).astype(np.float32)
C:\Users\Cem\Desktop\Datahon_Laptop\Grid-Up-Datathon---TasnifX\experiments\model29\m61_hava.py:374: PerformanceWarning: DataFrame is highly fragmented.  This is usually the result of calling `frame.insert` many times, which has poor performance.  Consider joining all columns at once using pd.concat(axis=1) instead. To get a de-fragmented frame, use `newframe = frame.copy()`
  X["d_guc_medyan_orani"] = (X.guc / X["d_ilce_guc_medyan"]).astype(np.float32)
C:\Users\Cem\Desktop\Datahon_Laptop\Grid-Up-Datathon---TasnifX\experiments\model29\m61_hava.py:380: PerformanceWarning: DataFrame is highly fragmented.  This is usually the result of calling `frame.insert` many times, which has poor performance.  Consider joining all columns at once using pd.concat(axis=1) instead. To get a de-fragmented frame, use `newframe = frame.copy()`
  X[c] = d[c].to_numpy(dtype=np.float32)
C:\Users\Cem\Desktop\Datahon_Laptop\Grid-Up-Datathon---TasnifX\experiments\model29\m61_hava.py:380: PerformanceWarning: DataFrame is highly fragmented.  This is usually the result of calling `frame.insert` many times, which has poor performance.  Consider joining all columns at once using pd.concat(axis=1) instead. To get a de-fragmented frame, use `newframe = frame.copy()`
  X[c] = d[c].to_numpy(dtype=np.float32)
C:\Users\Cem\Desktop\Datahon_Laptop\Grid-Up-Datathon---TasnifX\experiments\model29\m61_hava.py:380: PerformanceWarning: DataFrame is highly fragmented.  This is usually the result of calling `frame.insert` many times, which has poor performance.  Consider joining all columns at once using pd.concat(axis=1) instead. To get a de-fragmented frame, use `newframe = frame.copy()`
  X[c] = d[c].to_numpy(dtype=np.float32)
C:\Users\Cem\Desktop\Datahon_Laptop\Grid-Up-Datathon---TasnifX\experiments\model29\m61_hava.py:380: PerformanceWarning: DataFrame is highly fragmented.  This is usually the result of calling `frame.insert` many times, which has poor performance.  Consider joining all columns at once using pd.concat(axis=1) instead. To get a de-fragmented frame, use `newframe = frame.copy()`
  X[c] = d[c].to_numpy(dtype=np.float32)
C:\Users\Cem\Desktop\Datahon_Laptop\Grid-Up-Datathon---TasnifX\experiments\model29\m61_hava.py:380: PerformanceWarning: DataFrame is highly fragmented.  This is usually the result of calling `frame.insert` many times, which has poor performance.  Consider joining all columns at once using pd.concat(axis=1) instead. To get a de-fragmented frame, use `newframe = frame.copy()`
  X[c] = d[c].to_numpy(dtype=np.float32)
C:\Users\Cem\Desktop\Datahon_Laptop\Grid-Up-Datathon---TasnifX\experiments\model29\m61_hava.py:383: PerformanceWarning: DataFrame is highly fragmented.  This is usually the result of calling `frame.insert` many times, which has poor performance.  Consider joining all columns at once using pd.concat(axis=1) instead. To get a de-fragmented frame, use `newframe = frame.copy()`
  X[c] = g[c].to_numpy(dtype=np.float32)
C:\Users\Cem\Desktop\Datahon_Laptop\Grid-Up-Datathon---TasnifX\experiments\model29\m61_hava.py:383: PerformanceWarning: DataFrame is highly fragmented.  This is usually the result of calling `frame.insert` many times, which has poor performance.  Consider joining all columns at once using pd.concat(axis=1) instead. To get a de-fragmented frame, use `newframe = frame.copy()`
  X[c] = g[c].to_numpy(dtype=np.float32)
C:\Users\Cem\Desktop\Datahon_Laptop\Grid-Up-Datathon---TasnifX\experiments\model29\m61_hava.py:387: PerformanceWarning: DataFrame is highly fragmented.  This is usually the result of calling `frame.insert` many times, which has poor performance.  Consider joining all columns at once using pd.concat(axis=1) instead. To get a de-fragmented frame, use `newframe = frame.copy()`
  X[c] = s[c].to_numpy(dtype=np.float32)
C:\Users\Cem\Desktop\Datahon_Laptop\Grid-Up-Datathon---TasnifX\experiments\model29\m61_hava.py:387: PerformanceWarning: DataFrame is highly fragmented.  This is usually the result of calling `frame.insert` many times, which has poor performance.  Consider joining all columns at once using pd.concat(axis=1) instead. To get a de-fragmented frame, use `newframe = frame.copy()`
  X[c] = s[c].to_numpy(dtype=np.float32)
C:\Users\Cem\Desktop\Datahon_Laptop\Grid-Up-Datathon---TasnifX\experiments\model29\m61_hava.py:390: PerformanceWarning: DataFrame is highly fragmented.  This is usually the result of calling `frame.insert` many times, which has poor performance.  Consider joining all columns at once using pd.concat(axis=1) instead. To get a de-fragmented frame, use `newframe = frame.copy()`
  X[c] = meta.tanim.map(eg[c]).to_numpy(dtype=np.float32)
C:\Users\Cem\Desktop\Datahon_Laptop\Grid-Up-Datathon---TasnifX\experiments\model29\m61_hava.py:390: PerformanceWarning: DataFrame is highly fragmented.  This is usually the result of calling `frame.insert` many times, which has poor performance.  Consider joining all columns at once using pd.concat(axis=1) instead. To get a de-fragmented frame, use `newframe = frame.copy()`
  X[c] = meta.tanim.map(eg[c]).to_numpy(dtype=np.float32)
C:\Users\Cem\Desktop\Datahon_Laptop\Grid-Up-Datathon---TasnifX\experiments\model29\m61_hava.py:391: PerformanceWarning: DataFrame is highly fragmented.  This is usually the result of calling `frame.insert` many times, which has poor performance.  Consider joining all columns at once using pd.concat(axis=1) instead. To get a de-fragmented frame, use `newframe = frame.copy()`
  X["t_cdd_etki"] = (X.t_egim_cdd22 * X.cdd22_ort7).astype(np.float32)
C:\Users\Cem\Desktop\Datahon_Laptop\Grid-Up-Datathon---TasnifX\experiments\model29\m61_hava.py:392: PerformanceWarning: DataFrame is highly fragmented.  This is usually the result of calling `frame.insert` many times, which has poor performance.  Consider joining all columns at once using pd.concat(axis=1) instead. To get a de-fragmented frame, use `newframe = frame.copy()`
  X["t_hdd_etki"] = (X.t_egim_hdd18 * X.hdd18_ort7).astype(np.float32)
  F HEPSI                    oz 183 tur  166 RMSLE 0.9267 soguk 1.8223 sicak 0.6796 | karisik 1.0466  (444s)

########## DOGRULAMA 2025-09-30 ##########
  TABAN (dis veri yok)       oz  52 tur  147 RMSLE 1.2519 soguk 2.0737 sicak 0.8741 | karisik 1.2440  (86s)
  A sicaklik                 oz  85 tur  125 RMSLE 1.2229 soguk 2.0393 sicak 0.8442 | karisik 1.2150  (125s)
  B gunes/gun uzunlugu       oz  65 tur  148 RMSLE 1.2362 soguk 2.0536 sicak 0.8590 | karisik 1.2284  (158s)
  C nem/toprak/yagis         oz  87 tur  136 RMSLE 1.2257 soguk 2.0410 sicak 0.8483 | karisik 1.2179  (198s)
  D statik ilce              oz  89 tur  114 RMSLE 1.2553 soguk 2.0777 sicak 0.8776 | karisik 1.2474  (245s)
  E turizm/su                oz  61 tur  141 RMSLE 1.2421 soguk 2.0580 sicak 0.8668 | karisik 1.2343  (280s)
  G trafo x sicaklik         oz  58 tur  267 RMSLE 1.2310 soguk 2.0642 sicak 0.8417 | karisik 1.2230  (322s)
C:\Users\Cem\Desktop\Datahon_Laptop\Grid-Up-Datathon---TasnifX\experiments\model29\m61_hava.py:372: PerformanceWarning: DataFrame is highly fragmented.  This is usually the result of calling `frame.insert` many times, which has poor performance.  Consider joining all columns at once using pd.concat(axis=1) instead. To get a de-fragmented frame, use `newframe = frame.copy()`
  X[c] = s[c].to_numpy(dtype=np.float32)
C:\Users\Cem\Desktop\Datahon_Laptop\Grid-Up-Datathon---TasnifX\experiments\model29\m61_hava.py:372: PerformanceWarning: DataFrame is highly fragmented.  This is usually the result of calling `frame.insert` many times, which has poor performance.  Consider joining all columns at once using pd.concat(axis=1) instead. To get a de-fragmented frame, use `newframe = frame.copy()`
  X[c] = s[c].to_numpy(dtype=np.float32)
C:\Users\Cem\Desktop\Datahon_Laptop\Grid-Up-Datathon---TasnifX\experiments\model29\m61_hava.py:372: PerformanceWarning: DataFrame is highly fragmented.  This is usually the result of calling `frame.insert` many times, which has poor performance.  Consider joining all columns at once using pd.concat(axis=1) instead. To get a de-fragmented frame, use `newframe = frame.copy()`
  X[c] = s[c].to_numpy(dtype=np.float32)
C:\Users\Cem\Desktop\Datahon_Laptop\Grid-Up-Datathon---TasnifX\experiments\model29\m61_hava.py:372: PerformanceWarning: DataFrame is highly fragmented.  This is usually the result of calling `frame.insert` many times, which has poor performance.  Consider joining all columns at once using pd.concat(axis=1) instead. To get a de-fragmented frame, use `newframe = frame.copy()`
  X[c] = s[c].to_numpy(dtype=np.float32)
C:\Users\Cem\Desktop\Datahon_Laptop\Grid-Up-Datathon---TasnifX\experiments\model29\m61_hava.py:372: PerformanceWarning: DataFrame is highly fragmented.  This is usually the result of calling `frame.insert` many times, which has poor performance.  Consider joining all columns at once using pd.concat(axis=1) instead. To get a de-fragmented frame, use `newframe = frame.copy()`
  X[c] = s[c].to_numpy(dtype=np.float32)
C:\Users\Cem\Desktop\Datahon_Laptop\Grid-Up-Datathon---TasnifX\experiments\model29\m61_hava.py:372: PerformanceWarning: DataFrame is highly fragmented.  This is usually the result of calling `frame.insert` many times, which has poor performance.  Consider joining all columns at once using pd.concat(axis=1) instead. To get a de-fragmented frame, use `newframe = frame.copy()`
  X[c] = s[c].to_numpy(dtype=np.float32)
C:\Users\Cem\Desktop\Datahon_Laptop\Grid-Up-Datathon---TasnifX\experiments\model29\m61_hava.py:372: PerformanceWarning: DataFrame is highly fragmented.  This is usually the result of calling `frame.insert` many times, which has poor performance.  Consider joining all columns at once using pd.concat(axis=1) instead. To get a de-fragmented frame, use `newframe = frame.copy()`
  X[c] = s[c].to_numpy(dtype=np.float32)
C:\Users\Cem\Desktop\Datahon_Laptop\Grid-Up-Datathon---TasnifX\experiments\model29\m61_hava.py:372: PerformanceWarning: DataFrame is highly fragmented.  This is usually the result of calling `frame.insert` many times, which has poor performance.  Consider joining all columns at once using pd.concat(axis=1) instead. To get a de-fragmented frame, use `newframe = frame.copy()`
  X[c] = s[c].to_numpy(dtype=np.float32)
C:\Users\Cem\Desktop\Datahon_Laptop\Grid-Up-Datathon---TasnifX\experiments\model29\m61_hava.py:372: PerformanceWarning: DataFrame is highly fragmented.  This is usually the result of calling `frame.insert` many times, which has poor performance.  Consider joining all columns at once using pd.concat(axis=1) instead. To get a de-fragmented frame, use `newframe = frame.copy()`
  X[c] = s[c].to_numpy(dtype=np.float32)
C:\Users\Cem\Desktop\Datahon_Laptop\Grid-Up-Datathon---TasnifX\experiments\model29\m61_hava.py:372: PerformanceWarning: DataFrame is highly fragmented.  This is usually the result of calling `frame.insert` many times, which has poor performance.  Consider joining all columns at once using pd.concat(axis=1) instead. To get a de-fragmented frame, use `newframe = frame.copy()`
  X[c] = s[c].to_numpy(dtype=np.float32)
C:\Users\Cem\Desktop\Datahon_Laptop\Grid-Up-Datathon---TasnifX\experiments\model29\m61_hava.py:372: PerformanceWarning: DataFrame is highly fragmented.  This is usually the result of calling `frame.insert` many times, which has poor performance.  Consider joining all columns at once using pd.concat(axis=1) instead. To get a de-fragmented frame, use `newframe = frame.copy()`
  X[c] = s[c].to_numpy(dtype=np.float32)
C:\Users\Cem\Desktop\Datahon_Laptop\Grid-Up-Datathon---TasnifX\experiments\model29\m61_hava.py:372: PerformanceWarning: DataFrame is highly fragmented.  This is usually the result of calling `frame.insert` many times, which has poor performance.  Consider joining all columns at once using pd.concat(axis=1) instead. To get a de-fragmented frame, use `newframe = frame.copy()`
  X[c] = s[c].to_numpy(dtype=np.float32)
C:\Users\Cem\Desktop\Datahon_Laptop\Grid-Up-Datathon---TasnifX\experiments\model29\m61_hava.py:372: PerformanceWarning: DataFrame is highly fragmented.  This is usually the result of calling `frame.insert` many times, which has poor performance.  Consider joining all columns at once using pd.concat(axis=1) instead. To get a de-fragmented frame, use `newframe = frame.copy()`
  X[c] = s[c].to_numpy(dtype=np.float32)
C:\Users\Cem\Desktop\Datahon_Laptop\Grid-Up-Datathon---TasnifX\experiments\model29\m61_hava.py:372: PerformanceWarning: DataFrame is highly fragmented.  This is usually the result of calling `frame.insert` many times, which has poor performance.  Consider joining all columns at once using pd.concat(axis=1) instead. To get a de-fragmented frame, use `newframe = frame.copy()`
  X[c] = s[c].to_numpy(dtype=np.float32)
C:\Users\Cem\Desktop\Datahon_Laptop\Grid-Up-Datathon---TasnifX\experiments\model29\m61_hava.py:372: PerformanceWarning: DataFrame is highly fragmented.  This is usually the result of calling `frame.insert` many times, which has poor performance.  Consider joining all columns at once using pd.concat(axis=1) instead. To get a de-fragmented frame, use `newframe = frame.copy()`
  X[c] = s[c].to_numpy(dtype=np.float32)
C:\Users\Cem\Desktop\Datahon_Laptop\Grid-Up-Datathon---TasnifX\experiments\model29\m61_hava.py:372: PerformanceWarning: DataFrame is highly fragmented.  This is usually the result of calling `frame.insert` many times, which has poor performance.  Consider joining all columns at once using pd.concat(axis=1) instead. To get a de-fragmented frame, use `newframe = frame.copy()`
  X[c] = s[c].to_numpy(dtype=np.float32)
C:\Users\Cem\Desktop\Datahon_Laptop\Grid-Up-Datathon---TasnifX\experiments\model29\m61_hava.py:372: PerformanceWarning: DataFrame is highly fragmented.  This is usually the result of calling `frame.insert` many times, which has poor performance.  Consider joining all columns at once using pd.concat(axis=1) instead. To get a de-fragmented frame, use `newframe = frame.copy()`
  X[c] = s[c].to_numpy(dtype=np.float32)
C:\Users\Cem\Desktop\Datahon_Laptop\Grid-Up-Datathon---TasnifX\experiments\model29\m61_hava.py:372: PerformanceWarning: DataFrame is highly fragmented.  This is usually the result of calling `frame.insert` many times, which has poor performance.  Consider joining all columns at once using pd.concat(axis=1) instead. To get a de-fragmented frame, use `newframe = frame.copy()`
  X[c] = s[c].to_numpy(dtype=np.float32)
C:\Users\Cem\Desktop\Datahon_Laptop\Grid-Up-Datathon---TasnifX\experiments\model29\m61_hava.py:372: PerformanceWarning: DataFrame is highly fragmented.  This is usually the result of calling `frame.insert` many times, which has poor performance.  Consider joining all columns at once using pd.concat(axis=1) instead. To get a de-fragmented frame, use `newframe = frame.copy()`
  X[c] = s[c].to_numpy(dtype=np.float32)
C:\Users\Cem\Desktop\Datahon_Laptop\Grid-Up-Datathon---TasnifX\experiments\model29\m61_hava.py:372: PerformanceWarning: DataFrame is highly fragmented.  This is usually the result of calling `frame.insert` many times, which has poor performance.  Consider joining all columns at once using pd.concat(axis=1) instead. To get a de-fragmented frame, use `newframe = frame.copy()`
  X[c] = s[c].to_numpy(dtype=np.float32)
C:\Users\Cem\Desktop\Datahon_Laptop\Grid-Up-Datathon---TasnifX\experiments\model29\m61_hava.py:373: PerformanceWarning: DataFrame is highly fragmented.  This is usually the result of calling `frame.insert` many times, which has poor performance.  Consider joining all columns at once using pd.concat(axis=1) instead. To get a de-fragmented frame, use `newframe = frame.copy()`
  X["d_guc_payi"] = (X.guc / X["d_ilce_toplam_guc"]).astype(np.float32)
C:\Users\Cem\Desktop\Datahon_Laptop\Grid-Up-Datathon---TasnifX\experiments\model29\m61_hava.py:374: PerformanceWarning: DataFrame is highly fragmented.  This is usually the result of calling `frame.insert` many times, which has poor performance.  Consider joining all columns at once using pd.concat(axis=1) instead. To get a de-fragmented frame, use `newframe = frame.copy()`
  X["d_guc_medyan_orani"] = (X.guc / X["d_ilce_guc_medyan"]).astype(np.float32)
C:\Users\Cem\Desktop\Datahon_Laptop\Grid-Up-Datathon---TasnifX\experiments\model29\m61_hava.py:380: PerformanceWarning: DataFrame is highly fragmented.  This is usually the result of calling `frame.insert` many times, which has poor performance.  Consider joining all columns at once using pd.concat(axis=1) instead. To get a de-fragmented frame, use `newframe = frame.copy()`
  X[c] = d[c].to_numpy(dtype=np.float32)
C:\Users\Cem\Desktop\Datahon_Laptop\Grid-Up-Datathon---TasnifX\experiments\model29\m61_hava.py:380: PerformanceWarning: DataFrame is highly fragmented.  This is usually the result of calling `frame.insert` many times, which has poor performance.  Consider joining all columns at once using pd.concat(axis=1) instead. To get a de-fragmented frame, use `newframe = frame.copy()`
  X[c] = d[c].to_numpy(dtype=np.float32)
C:\Users\Cem\Desktop\Datahon_Laptop\Grid-Up-Datathon---TasnifX\experiments\model29\m61_hava.py:380: PerformanceWarning: DataFrame is highly fragmented.  This is usually the result of calling `frame.insert` many times, which has poor performance.  Consider joining all columns at once using pd.concat(axis=1) instead. To get a de-fragmented frame, use `newframe = frame.copy()`
  X[c] = d[c].to_numpy(dtype=np.float32)
C:\Users\Cem\Desktop\Datahon_Laptop\Grid-Up-Datathon---TasnifX\experiments\model29\m61_hava.py:380: PerformanceWarning: DataFrame is highly fragmented.  This is usually the result of calling `frame.insert` many times, which has poor performance.  Consider joining all columns at once using pd.concat(axis=1) instead. To get a de-fragmented frame, use `newframe = frame.copy()`
  X[c] = d[c].to_numpy(dtype=np.float32)
C:\Users\Cem\Desktop\Datahon_Laptop\Grid-Up-Datathon---TasnifX\experiments\model29\m61_hava.py:380: PerformanceWarning: DataFrame is highly fragmented.  This is usually the result of calling `frame.insert` many times, which has poor performance.  Consider joining all columns at once using pd.concat(axis=1) instead. To get a de-fragmented frame, use `newframe = frame.copy()`
  X[c] = d[c].to_numpy(dtype=np.float32)
C:\Users\Cem\Desktop\Datahon_Laptop\Grid-Up-Datathon---TasnifX\experiments\model29\m61_hava.py:383: PerformanceWarning: DataFrame is highly fragmented.  This is usually the result of calling `frame.insert` many times, which has poor performance.  Consider joining all columns at once using pd.concat(axis=1) instead. To get a de-fragmented frame, use `newframe = frame.copy()`
  X[c] = g[c].to_numpy(dtype=np.float32)
C:\Users\Cem\Desktop\Datahon_Laptop\Grid-Up-Datathon---TasnifX\experiments\model29\m61_hava.py:383: PerformanceWarning: DataFrame is highly fragmented.  This is usually the result of calling `frame.insert` many times, which has poor performance.  Consider joining all columns at once using pd.concat(axis=1) instead. To get a de-fragmented frame, use `newframe = frame.copy()`
  X[c] = g[c].to_numpy(dtype=np.float32)
C:\Users\Cem\Desktop\Datahon_Laptop\Grid-Up-Datathon---TasnifX\experiments\model29\m61_hava.py:387: PerformanceWarning: DataFrame is highly fragmented.  This is usually the result of calling `frame.insert` many times, which has poor performance.  Consider joining all columns at once using pd.concat(axis=1) instead. To get a de-fragmented frame, use `newframe = frame.copy()`
  X[c] = s[c].to_numpy(dtype=np.float32)
C:\Users\Cem\Desktop\Datahon_Laptop\Grid-Up-Datathon---TasnifX\experiments\model29\m61_hava.py:387: PerformanceWarning: DataFrame is highly fragmented.  This is usually the result of calling `frame.insert` many times, which has poor performance.  Consider joining all columns at once using pd.concat(axis=1) instead. To get a de-fragmented frame, use `newframe = frame.copy()`
  X[c] = s[c].to_numpy(dtype=np.float32)
C:\Users\Cem\Desktop\Datahon_Laptop\Grid-Up-Datathon---TasnifX\experiments\model29\m61_hava.py:390: PerformanceWarning: DataFrame is highly fragmented.  This is usually the result of calling `frame.insert` many times, which has poor performance.  Consider joining all columns at once using pd.concat(axis=1) instead. To get a de-fragmented frame, use `newframe = frame.copy()`
  X[c] = meta.tanim.map(eg[c]).to_numpy(dtype=np.float32)
C:\Users\Cem\Desktop\Datahon_Laptop\Grid-Up-Datathon---TasnifX\experiments\model29\m61_hava.py:390: PerformanceWarning: DataFrame is highly fragmented.  This is usually the result of calling `frame.insert` many times, which has poor performance.  Consider joining all columns at once using pd.concat(axis=1) instead. To get a de-fragmented frame, use `newframe = frame.copy()`
  X[c] = meta.tanim.map(eg[c]).to_numpy(dtype=np.float32)
C:\Users\Cem\Desktop\Datahon_Laptop\Grid-Up-Datathon---TasnifX\experiments\model29\m61_hava.py:391: PerformanceWarning: DataFrame is highly fragmented.  This is usually the result of calling `frame.insert` many times, which has poor performance.  Consider joining all columns at once using pd.concat(axis=1) instead. To get a de-fragmented frame, use `newframe = frame.copy()`
  X["t_cdd_etki"] = (X.t_egim_cdd22 * X.cdd22_ort7).astype(np.float32)
C:\Users\Cem\Desktop\Datahon_Laptop\Grid-Up-Datathon---TasnifX\experiments\model29\m61_hava.py:392: PerformanceWarning: DataFrame is highly fragmented.  This is usually the result of calling `frame.insert` many times, which has poor performance.  Consider joining all columns at once using pd.concat(axis=1) instead. To get a de-fragmented frame, use `newframe = frame.copy()`
  X["t_hdd_etki"] = (X.t_egim_hdd18 * X.hdd18_ort7).astype(np.float32)
C:\Users\Cem\Desktop\Datahon_Laptop\Grid-Up-Datathon---TasnifX\experiments\model29\m61_hava.py:372: PerformanceWarning: DataFrame is highly fragmented.  This is usually the result of calling `frame.insert` many times, which has poor performance.  Consider joining all columns at once using pd.concat(axis=1) instead. To get a de-fragmented frame, use `newframe = frame.copy()`
  X[c] = s[c].to_numpy(dtype=np.float32)
C:\Users\Cem\Desktop\Datahon_Laptop\Grid-Up-Datathon---TasnifX\experiments\model29\m61_hava.py:372: PerformanceWarning: DataFrame is highly fragmented.  This is usually the result of calling `frame.insert` many times, which has poor performance.  Consider joining all columns at once using pd.concat(axis=1) instead. To get a de-fragmented frame, use `newframe = frame.copy()`
  X[c] = s[c].to_numpy(dtype=np.float32)
C:\Users\Cem\Desktop\Datahon_Laptop\Grid-Up-Datathon---TasnifX\experiments\model29\m61_hava.py:372: PerformanceWarning: DataFrame is highly fragmented.  This is usually the result of calling `frame.insert` many times, which has poor performance.  Consider joining all columns at once using pd.concat(axis=1) instead. To get a de-fragmented frame, use `newframe = frame.copy()`
  X[c] = s[c].to_numpy(dtype=np.float32)
C:\Users\Cem\Desktop\Datahon_Laptop\Grid-Up-Datathon---TasnifX\experiments\model29\m61_hava.py:372: PerformanceWarning: DataFrame is highly fragmented.  This is usually the result of calling `frame.insert` many times, which has poor performance.  Consider joining all columns at once using pd.concat(axis=1) instead. To get a de-fragmented frame, use `newframe = frame.copy()`
  X[c] = s[c].to_numpy(dtype=np.float32)
C:\Users\Cem\Desktop\Datahon_Laptop\Grid-Up-Datathon---TasnifX\experiments\model29\m61_hava.py:372: PerformanceWarning: DataFrame is highly fragmented.  This is usually the result of calling `frame.insert` many times, which has poor performance.  Consider joining all columns at once using pd.concat(axis=1) instead. To get a de-fragmented frame, use `newframe = frame.copy()`
  X[c] = s[c].to_numpy(dtype=np.float32)
C:\Users\Cem\Desktop\Datahon_Laptop\Grid-Up-Datathon---TasnifX\experiments\model29\m61_hava.py:372: PerformanceWarning: DataFrame is highly fragmented.  This is usually the result of calling `frame.insert` many times, which has poor performance.  Consider joining all columns at once using pd.concat(axis=1) instead. To get a de-fragmented frame, use `newframe = frame.copy()`
  X[c] = s[c].to_numpy(dtype=np.float32)
C:\Users\Cem\Desktop\Datahon_Laptop\Grid-Up-Datathon---TasnifX\experiments\model29\m61_hava.py:372: PerformanceWarning: DataFrame is highly fragmented.  This is usually the result of calling `frame.insert` many times, which has poor performance.  Consider joining all columns at once using pd.concat(axis=1) instead. To get a de-fragmented frame, use `newframe = frame.copy()`
  X[c] = s[c].to_numpy(dtype=np.float32)
C:\Users\Cem\Desktop\Datahon_Laptop\Grid-Up-Datathon---TasnifX\experiments\model29\m61_hava.py:372: PerformanceWarning: DataFrame is highly fragmented.  This is usually the result of calling `frame.insert` many times, which has poor performance.  Consider joining all columns at once using pd.concat(axis=1) instead. To get a de-fragmented frame, use `newframe = frame.copy()`
  X[c] = s[c].to_numpy(dtype=np.float32)
C:\Users\Cem\Desktop\Datahon_Laptop\Grid-Up-Datathon---TasnifX\experiments\model29\m61_hava.py:372: PerformanceWarning: DataFrame is highly fragmented.  This is usually the result of calling `frame.insert` many times, which has poor performance.  Consider joining all columns at once using pd.concat(axis=1) instead. To get a de-fragmented frame, use `newframe = frame.copy()`
  X[c] = s[c].to_numpy(dtype=np.float32)
C:\Users\Cem\Desktop\Datahon_Laptop\Grid-Up-Datathon---TasnifX\experiments\model29\m61_hava.py:372: PerformanceWarning: DataFrame is highly fragmented.  This is usually the result of calling `frame.insert` many times, which has poor performance.  Consider joining all columns at once using pd.concat(axis=1) instead. To get a de-fragmented frame, use `newframe = frame.copy()`
  X[c] = s[c].to_numpy(dtype=np.float32)
C:\Users\Cem\Desktop\Datahon_Laptop\Grid-Up-Datathon---TasnifX\experiments\model29\m61_hava.py:372: PerformanceWarning: DataFrame is highly fragmented.  This is usually the result of calling `frame.insert` many times, which has poor performance.  Consider joining all columns at once using pd.concat(axis=1) instead. To get a de-fragmented frame, use `newframe = frame.copy()`
  X[c] = s[c].to_numpy(dtype=np.float32)
C:\Users\Cem\Desktop\Datahon_Laptop\Grid-Up-Datathon---TasnifX\experiments\model29\m61_hava.py:372: PerformanceWarning: DataFrame is highly fragmented.  This is usually the result of calling `frame.insert` many times, which has poor performance.  Consider joining all columns at once using pd.concat(axis=1) instead. To get a de-fragmented frame, use `newframe = frame.copy()`
  X[c] = s[c].to_numpy(dtype=np.float32)
C:\Users\Cem\Desktop\Datahon_Laptop\Grid-Up-Datathon---TasnifX\experiments\model29\m61_hava.py:372: PerformanceWarning: DataFrame is highly fragmented.  This is usually the result of calling `frame.insert` many times, which has poor performance.  Consider joining all columns at once using pd.concat(axis=1) instead. To get a de-fragmented frame, use `newframe = frame.copy()`
  X[c] = s[c].to_numpy(dtype=np.float32)
C:\Users\Cem\Desktop\Datahon_Laptop\Grid-Up-Datathon---TasnifX\experiments\model29\m61_hava.py:372: PerformanceWarning: DataFrame is highly fragmented.  This is usually the result of calling `frame.insert` many times, which has poor performance.  Consider joining all columns at once using pd.concat(axis=1) instead. To get a de-fragmented frame, use `newframe = frame.copy()`
  X[c] = s[c].to_numpy(dtype=np.float32)
C:\Users\Cem\Desktop\Datahon_Laptop\Grid-Up-Datathon---TasnifX\experiments\model29\m61_hava.py:372: PerformanceWarning: DataFrame is highly fragmented.  This is usually the result of calling `frame.insert` many times, which has poor performance.  Consider joining all columns at once using pd.concat(axis=1) instead. To get a de-fragmented frame, use `newframe = frame.copy()`
  X[c] = s[c].to_numpy(dtype=np.float32)
C:\Users\Cem\Desktop\Datahon_Laptop\Grid-Up-Datathon---TasnifX\experiments\model29\m61_hava.py:372: PerformanceWarning: DataFrame is highly fragmented.  This is usually the result of calling `frame.insert` many times, which has poor performance.  Consider joining all columns at once using pd.concat(axis=1) instead. To get a de-fragmented frame, use `newframe = frame.copy()`
  X[c] = s[c].to_numpy(dtype=np.float32)
C:\Users\Cem\Desktop\Datahon_Laptop\Grid-Up-Datathon---TasnifX\experiments\model29\m61_hava.py:372: PerformanceWarning: DataFrame is highly fragmented.  This is usually the result of calling `frame.insert` many times, which has poor performance.  Consider joining all columns at once using pd.concat(axis=1) instead. To get a de-fragmented frame, use `newframe = frame.copy()`
  X[c] = s[c].to_numpy(dtype=np.float32)
C:\Users\Cem\Desktop\Datahon_Laptop\Grid-Up-Datathon---TasnifX\experiments\model29\m61_hava.py:372: PerformanceWarning: DataFrame is highly fragmented.  This is usually the result of calling `frame.insert` many times, which has poor performance.  Consider joining all columns at once using pd.concat(axis=1) instead. To get a de-fragmented frame, use `newframe = frame.copy()`
  X[c] = s[c].to_numpy(dtype=np.float32)
C:\Users\Cem\Desktop\Datahon_Laptop\Grid-Up-Datathon---TasnifX\experiments\model29\m61_hava.py:372: PerformanceWarning: DataFrame is highly fragmented.  This is usually the result of calling `frame.insert` many times, which has poor performance.  Consider joining all columns at once using pd.concat(axis=1) instead. To get a de-fragmented frame, use `newframe = frame.copy()`
  X[c] = s[c].to_numpy(dtype=np.float32)
C:\Users\Cem\Desktop\Datahon_Laptop\Grid-Up-Datathon---TasnifX\experiments\model29\m61_hava.py:372: PerformanceWarning: DataFrame is highly fragmented.  This is usually the result of calling `frame.insert` many times, which has poor performance.  Consider joining all columns at once using pd.concat(axis=1) instead. To get a de-fragmented frame, use `newframe = frame.copy()`
  X[c] = s[c].to_numpy(dtype=np.float32)
C:\Users\Cem\Desktop\Datahon_Laptop\Grid-Up-Datathon---TasnifX\experiments\model29\m61_hava.py:373: PerformanceWarning: DataFrame is highly fragmented.  This is usually the result of calling `frame.insert` many times, which has poor performance.  Consider joining all columns at once using pd.concat(axis=1) instead. To get a de-fragmented frame, use `newframe = frame.copy()`
  X["d_guc_payi"] = (X.guc / X["d_ilce_toplam_guc"]).astype(np.float32)
C:\Users\Cem\Desktop\Datahon_Laptop\Grid-Up-Datathon---TasnifX\experiments\model29\m61_hava.py:374: PerformanceWarning: DataFrame is highly fragmented.  This is usually the result of calling `frame.insert` many times, which has poor performance.  Consider joining all columns at once using pd.concat(axis=1) instead. To get a de-fragmented frame, use `newframe = frame.copy()`
  X["d_guc_medyan_orani"] = (X.guc / X["d_ilce_guc_medyan"]).astype(np.float32)
C:\Users\Cem\Desktop\Datahon_Laptop\Grid-Up-Datathon---TasnifX\experiments\model29\m61_hava.py:380: PerformanceWarning: DataFrame is highly fragmented.  This is usually the result of calling `frame.insert` many times, which has poor performance.  Consider joining all columns at once using pd.concat(axis=1) instead. To get a de-fragmented frame, use `newframe = frame.copy()`
  X[c] = d[c].to_numpy(dtype=np.float32)
C:\Users\Cem\Desktop\Datahon_Laptop\Grid-Up-Datathon---TasnifX\experiments\model29\m61_hava.py:380: PerformanceWarning: DataFrame is highly fragmented.  This is usually the result of calling `frame.insert` many times, which has poor performance.  Consider joining all columns at once using pd.concat(axis=1) instead. To get a de-fragmented frame, use `newframe = frame.copy()`
  X[c] = d[c].to_numpy(dtype=np.float32)
C:\Users\Cem\Desktop\Datahon_Laptop\Grid-Up-Datathon---TasnifX\experiments\model29\m61_hava.py:380: PerformanceWarning: DataFrame is highly fragmented.  This is usually the result of calling `frame.insert` many times, which has poor performance.  Consider joining all columns at once using pd.concat(axis=1) instead. To get a de-fragmented frame, use `newframe = frame.copy()`
  X[c] = d[c].to_numpy(dtype=np.float32)
C:\Users\Cem\Desktop\Datahon_Laptop\Grid-Up-Datathon---TasnifX\experiments\model29\m61_hava.py:380: PerformanceWarning: DataFrame is highly fragmented.  This is usually the result of calling `frame.insert` many times, which has poor performance.  Consider joining all columns at once using pd.concat(axis=1) instead. To get a de-fragmented frame, use `newframe = frame.copy()`
  X[c] = d[c].to_numpy(dtype=np.float32)
C:\Users\Cem\Desktop\Datahon_Laptop\Grid-Up-Datathon---TasnifX\experiments\model29\m61_hava.py:380: PerformanceWarning: DataFrame is highly fragmented.  This is usually the result of calling `frame.insert` many times, which has poor performance.  Consider joining all columns at once using pd.concat(axis=1) instead. To get a de-fragmented frame, use `newframe = frame.copy()`
  X[c] = d[c].to_numpy(dtype=np.float32)
C:\Users\Cem\Desktop\Datahon_Laptop\Grid-Up-Datathon---TasnifX\experiments\model29\m61_hava.py:383: PerformanceWarning: DataFrame is highly fragmented.  This is usually the result of calling `frame.insert` many times, which has poor performance.  Consider joining all columns at once using pd.concat(axis=1) instead. To get a de-fragmented frame, use `newframe = frame.copy()`
  X[c] = g[c].to_numpy(dtype=np.float32)
C:\Users\Cem\Desktop\Datahon_Laptop\Grid-Up-Datathon---TasnifX\experiments\model29\m61_hava.py:383: PerformanceWarning: DataFrame is highly fragmented.  This is usually the result of calling `frame.insert` many times, which has poor performance.  Consider joining all columns at once using pd.concat(axis=1) instead. To get a de-fragmented frame, use `newframe = frame.copy()`
  X[c] = g[c].to_numpy(dtype=np.float32)
C:\Users\Cem\Desktop\Datahon_Laptop\Grid-Up-Datathon---TasnifX\experiments\model29\m61_hava.py:387: PerformanceWarning: DataFrame is highly fragmented.  This is usually the result of calling `frame.insert` many times, which has poor performance.  Consider joining all columns at once using pd.concat(axis=1) instead. To get a de-fragmented frame, use `newframe = frame.copy()`
  X[c] = s[c].to_numpy(dtype=np.float32)
C:\Users\Cem\Desktop\Datahon_Laptop\Grid-Up-Datathon---TasnifX\experiments\model29\m61_hava.py:387: PerformanceWarning: DataFrame is highly fragmented.  This is usually the result of calling `frame.insert` many times, which has poor performance.  Consider joining all columns at once using pd.concat(axis=1) instead. To get a de-fragmented frame, use `newframe = frame.copy()`
  X[c] = s[c].to_numpy(dtype=np.float32)
C:\Users\Cem\Desktop\Datahon_Laptop\Grid-Up-Datathon---TasnifX\experiments\model29\m61_hava.py:390: PerformanceWarning: DataFrame is highly fragmented.  This is usually the result of calling `frame.insert` many times, which has poor performance.  Consider joining all columns at once using pd.concat(axis=1) instead. To get a de-fragmented frame, use `newframe = frame.copy()`
  X[c] = meta.tanim.map(eg[c]).to_numpy(dtype=np.float32)
C:\Users\Cem\Desktop\Datahon_Laptop\Grid-Up-Datathon---TasnifX\experiments\model29\m61_hava.py:390: PerformanceWarning: DataFrame is highly fragmented.  This is usually the result of calling `frame.insert` many times, which has poor performance.  Consider joining all columns at once using pd.concat(axis=1) instead. To get a de-fragmented frame, use `newframe = frame.copy()`
  X[c] = meta.tanim.map(eg[c]).to_numpy(dtype=np.float32)
C:\Users\Cem\Desktop\Datahon_Laptop\Grid-Up-Datathon---TasnifX\experiments\model29\m61_hava.py:391: PerformanceWarning: DataFrame is highly fragmented.  This is usually the result of calling `frame.insert` many times, which has poor performance.  Consider joining all columns at once using pd.concat(axis=1) instead. To get a de-fragmented frame, use `newframe = frame.copy()`
  X["t_cdd_etki"] = (X.t_egim_cdd22 * X.cdd22_ort7).astype(np.float32)
C:\Users\Cem\Desktop\Datahon_Laptop\Grid-Up-Datathon---TasnifX\experiments\model29\m61_hava.py:392: PerformanceWarning: DataFrame is highly fragmented.  This is usually the result of calling `frame.insert` many times, which has poor performance.  Consider joining all columns at once using pd.concat(axis=1) instead. To get a de-fragmented frame, use `newframe = frame.copy()`
  X["t_hdd_etki"] = (X.t_egim_hdd18 * X.hdd18_ort7).astype(np.float32)
C:\Users\Cem\Desktop\Datahon_Laptop\Grid-Up-Datathon---TasnifX\experiments\model29\m61_hava.py:372: PerformanceWarning: DataFrame is highly fragmented.  This is usually the result of calling `frame.insert` many times, which has poor performance.  Consider joining all columns at once using pd.concat(axis=1) instead. To get a de-fragmented frame, use `newframe = frame.copy()`
  X[c] = s[c].to_numpy(dtype=np.float32)
C:\Users\Cem\Desktop\Datahon_Laptop\Grid-Up-Datathon---TasnifX\experiments\model29\m61_hava.py:372: PerformanceWarning: DataFrame is highly fragmented.  This is usually the result of calling `frame.insert` many times, which has poor performance.  Consider joining all columns at once using pd.concat(axis=1) instead. To get a de-fragmented frame, use `newframe = frame.copy()`
  X[c] = s[c].to_numpy(dtype=np.float32)
C:\Users\Cem\Desktop\Datahon_Laptop\Grid-Up-Datathon---TasnifX\experiments\model29\m61_hava.py:372: PerformanceWarning: DataFrame is highly fragmented.  This is usually the result of calling `frame.insert` many times, which has poor performance.  Consider joining all columns at once using pd.concat(axis=1) instead. To get a de-fragmented frame, use `newframe = frame.copy()`
  X[c] = s[c].to_numpy(dtype=np.float32)
C:\Users\Cem\Desktop\Datahon_Laptop\Grid-Up-Datathon---TasnifX\experiments\model29\m61_hava.py:372: PerformanceWarning: DataFrame is highly fragmented.  This is usually the result of calling `frame.insert` many times, which has poor performance.  Consider joining all columns at once using pd.concat(axis=1) instead. To get a de-fragmented frame, use `newframe = frame.copy()`
  X[c] = s[c].to_numpy(dtype=np.float32)
C:\Users\Cem\Desktop\Datahon_Laptop\Grid-Up-Datathon---TasnifX\experiments\model29\m61_hava.py:372: PerformanceWarning: DataFrame is highly fragmented.  This is usually the result of calling `frame.insert` many times, which has poor performance.  Consider joining all columns at once using pd.concat(axis=1) instead. To get a de-fragmented frame, use `newframe = frame.copy()`
  X[c] = s[c].to_numpy(dtype=np.float32)
C:\Users\Cem\Desktop\Datahon_Laptop\Grid-Up-Datathon---TasnifX\experiments\model29\m61_hava.py:372: PerformanceWarning: DataFrame is highly fragmented.  This is usually the result of calling `frame.insert` many times, which has poor performance.  Consider joining all columns at once using pd.concat(axis=1) instead. To get a de-fragmented frame, use `newframe = frame.copy()`
  X[c] = s[c].to_numpy(dtype=np.float32)
C:\Users\Cem\Desktop\Datahon_Laptop\Grid-Up-Datathon---TasnifX\experiments\model29\m61_hava.py:372: PerformanceWarning: DataFrame is highly fragmented.  This is usually the result of calling `frame.insert` many times, which has poor performance.  Consider joining all columns at once using pd.concat(axis=1) instead. To get a de-fragmented frame, use `newframe = frame.copy()`
  X[c] = s[c].to_numpy(dtype=np.float32)
C:\Users\Cem\Desktop\Datahon_Laptop\Grid-Up-Datathon---TasnifX\experiments\model29\m61_hava.py:372: PerformanceWarning: DataFrame is highly fragmented.  This is usually the result of calling `frame.insert` many times, which has poor performance.  Consider joining all columns at once using pd.concat(axis=1) instead. To get a de-fragmented frame, use `newframe = frame.copy()`
  X[c] = s[c].to_numpy(dtype=np.float32)
C:\Users\Cem\Desktop\Datahon_Laptop\Grid-Up-Datathon---TasnifX\experiments\model29\m61_hava.py:372: PerformanceWarning: DataFrame is highly fragmented.  This is usually the result of calling `frame.insert` many times, which has poor performance.  Consider joining all columns at once using pd.concat(axis=1) instead. To get a de-fragmented frame, use `newframe = frame.copy()`
  X[c] = s[c].to_numpy(dtype=np.float32)
C:\Users\Cem\Desktop\Datahon_Laptop\Grid-Up-Datathon---TasnifX\experiments\model29\m61_hava.py:372: PerformanceWarning: DataFrame is highly fragmented.  This is usually the result of calling `frame.insert` many times, which has poor performance.  Consider joining all columns at once using pd.concat(axis=1) instead. To get a de-fragmented frame, use `newframe = frame.copy()`
  X[c] = s[c].to_numpy(dtype=np.float32)
C:\Users\Cem\Desktop\Datahon_Laptop\Grid-Up-Datathon---TasnifX\experiments\model29\m61_hava.py:372: PerformanceWarning: DataFrame is highly fragmented.  This is usually the result of calling `frame.insert` many times, which has poor performance.  Consider joining all columns at once using pd.concat(axis=1) instead. To get a de-fragmented frame, use `newframe = frame.copy()`
  X[c] = s[c].to_numpy(dtype=np.float32)
C:\Users\Cem\Desktop\Datahon_Laptop\Grid-Up-Datathon---TasnifX\experiments\model29\m61_hava.py:372: PerformanceWarning: DataFrame is highly fragmented.  This is usually the result of calling `frame.insert` many times, which has poor performance.  Consider joining all columns at once using pd.concat(axis=1) instead. To get a de-fragmented frame, use `newframe = frame.copy()`
  X[c] = s[c].to_numpy(dtype=np.float32)
C:\Users\Cem\Desktop\Datahon_Laptop\Grid-Up-Datathon---TasnifX\experiments\model29\m61_hava.py:372: PerformanceWarning: DataFrame is highly fragmented.  This is usually the result of calling `frame.insert` many times, which has poor performance.  Consider joining all columns at once using pd.concat(axis=1) instead. To get a de-fragmented frame, use `newframe = frame.copy()`
  X[c] = s[c].to_numpy(dtype=np.float32)
C:\Users\Cem\Desktop\Datahon_Laptop\Grid-Up-Datathon---TasnifX\experiments\model29\m61_hava.py:372: PerformanceWarning: DataFrame is highly fragmented.  This is usually the result of calling `frame.insert` many times, which has poor performance.  Consider joining all columns at once using pd.concat(axis=1) instead. To get a de-fragmented frame, use `newframe = frame.copy()`
  X[c] = s[c].to_numpy(dtype=np.float32)
C:\Users\Cem\Desktop\Datahon_Laptop\Grid-Up-Datathon---TasnifX\experiments\model29\m61_hava.py:372: PerformanceWarning: DataFrame is highly fragmented.  This is usually the result of calling `frame.insert` many times, which has poor performance.  Consider joining all columns at once using pd.concat(axis=1) instead. To get a de-fragmented frame, use `newframe = frame.copy()`
  X[c] = s[c].to_numpy(dtype=np.float32)
C:\Users\Cem\Desktop\Datahon_Laptop\Grid-Up-Datathon---TasnifX\experiments\model29\m61_hava.py:372: PerformanceWarning: DataFrame is highly fragmented.  This is usually the result of calling `frame.insert` many times, which has poor performance.  Consider joining all columns at once using pd.concat(axis=1) instead. To get a de-fragmented frame, use `newframe = frame.copy()`
  X[c] = s[c].to_numpy(dtype=np.float32)
C:\Users\Cem\Desktop\Datahon_Laptop\Grid-Up-Datathon---TasnifX\experiments\model29\m61_hava.py:372: PerformanceWarning: DataFrame is highly fragmented.  This is usually the result of calling `frame.insert` many times, which has poor performance.  Consider joining all columns at once using pd.concat(axis=1) instead. To get a de-fragmented frame, use `newframe = frame.copy()`
  X[c] = s[c].to_numpy(dtype=np.float32)
C:\Users\Cem\Desktop\Datahon_Laptop\Grid-Up-Datathon---TasnifX\experiments\model29\m61_hava.py:372: PerformanceWarning: DataFrame is highly fragmented.  This is usually the result of calling `frame.insert` many times, which has poor performance.  Consider joining all columns at once using pd.concat(axis=1) instead. To get a de-fragmented frame, use `newframe = frame.copy()`
  X[c] = s[c].to_numpy(dtype=np.float32)
C:\Users\Cem\Desktop\Datahon_Laptop\Grid-Up-Datathon---TasnifX\experiments\model29\m61_hava.py:372: PerformanceWarning: DataFrame is highly fragmented.  This is usually the result of calling `frame.insert` many times, which has poor performance.  Consider joining all columns at once using pd.concat(axis=1) instead. To get a de-fragmented frame, use `newframe = frame.copy()`
  X[c] = s[c].to_numpy(dtype=np.float32)
C:\Users\Cem\Desktop\Datahon_Laptop\Grid-Up-Datathon---TasnifX\experiments\model29\m61_hava.py:372: PerformanceWarning: DataFrame is highly fragmented.  This is usually the result of calling `frame.insert` many times, which has poor performance.  Consider joining all columns at once using pd.concat(axis=1) instead. To get a de-fragmented frame, use `newframe = frame.copy()`
  X[c] = s[c].to_numpy(dtype=np.float32)
C:\Users\Cem\Desktop\Datahon_Laptop\Grid-Up-Datathon---TasnifX\experiments\model29\m61_hava.py:373: PerformanceWarning: DataFrame is highly fragmented.  This is usually the result of calling `frame.insert` many times, which has poor performance.  Consider joining all columns at once using pd.concat(axis=1) instead. To get a de-fragmented frame, use `newframe = frame.copy()`
  X["d_guc_payi"] = (X.guc / X["d_ilce_toplam_guc"]).astype(np.float32)
C:\Users\Cem\Desktop\Datahon_Laptop\Grid-Up-Datathon---TasnifX\experiments\model29\m61_hava.py:374: PerformanceWarning: DataFrame is highly fragmented.  This is usually the result of calling `frame.insert` many times, which has poor performance.  Consider joining all columns at once using pd.concat(axis=1) instead. To get a de-fragmented frame, use `newframe = frame.copy()`
  X["d_guc_medyan_orani"] = (X.guc / X["d_ilce_guc_medyan"]).astype(np.float32)
C:\Users\Cem\Desktop\Datahon_Laptop\Grid-Up-Datathon---TasnifX\experiments\model29\m61_hava.py:380: PerformanceWarning: DataFrame is highly fragmented.  This is usually the result of calling `frame.insert` many times, which has poor performance.  Consider joining all columns at once using pd.concat(axis=1) instead. To get a de-fragmented frame, use `newframe = frame.copy()`
  X[c] = d[c].to_numpy(dtype=np.float32)
C:\Users\Cem\Desktop\Datahon_Laptop\Grid-Up-Datathon---TasnifX\experiments\model29\m61_hava.py:380: PerformanceWarning: DataFrame is highly fragmented.  This is usually the result of calling `frame.insert` many times, which has poor performance.  Consider joining all columns at once using pd.concat(axis=1) instead. To get a de-fragmented frame, use `newframe = frame.copy()`
  X[c] = d[c].to_numpy(dtype=np.float32)
C:\Users\Cem\Desktop\Datahon_Laptop\Grid-Up-Datathon---TasnifX\experiments\model29\m61_hava.py:380: PerformanceWarning: DataFrame is highly fragmented.  This is usually the result of calling `frame.insert` many times, which has poor performance.  Consider joining all columns at once using pd.concat(axis=1) instead. To get a de-fragmented frame, use `newframe = frame.copy()`
  X[c] = d[c].to_numpy(dtype=np.float32)
C:\Users\Cem\Desktop\Datahon_Laptop\Grid-Up-Datathon---TasnifX\experiments\model29\m61_hava.py:380: PerformanceWarning: DataFrame is highly fragmented.  This is usually the result of calling `frame.insert` many times, which has poor performance.  Consider joining all columns at once using pd.concat(axis=1) instead. To get a de-fragmented frame, use `newframe = frame.copy()`
  X[c] = d[c].to_numpy(dtype=np.float32)
C:\Users\Cem\Desktop\Datahon_Laptop\Grid-Up-Datathon---TasnifX\experiments\model29\m61_hava.py:380: PerformanceWarning: DataFrame is highly fragmented.  This is usually the result of calling `frame.insert` many times, which has poor performance.  Consider joining all columns at once using pd.concat(axis=1) instead. To get a de-fragmented frame, use `newframe = frame.copy()`
  X[c] = d[c].to_numpy(dtype=np.float32)
C:\Users\Cem\Desktop\Datahon_Laptop\Grid-Up-Datathon---TasnifX\experiments\model29\m61_hava.py:383: PerformanceWarning: DataFrame is highly fragmented.  This is usually the result of calling `frame.insert` many times, which has poor performance.  Consider joining all columns at once using pd.concat(axis=1) instead. To get a de-fragmented frame, use `newframe = frame.copy()`
  X[c] = g[c].to_numpy(dtype=np.float32)
C:\Users\Cem\Desktop\Datahon_Laptop\Grid-Up-Datathon---TasnifX\experiments\model29\m61_hava.py:383: PerformanceWarning: DataFrame is highly fragmented.  This is usually the result of calling `frame.insert` many times, which has poor performance.  Consider joining all columns at once using pd.concat(axis=1) instead. To get a de-fragmented frame, use `newframe = frame.copy()`
  X[c] = g[c].to_numpy(dtype=np.float32)
C:\Users\Cem\Desktop\Datahon_Laptop\Grid-Up-Datathon---TasnifX\experiments\model29\m61_hava.py:387: PerformanceWarning: DataFrame is highly fragmented.  This is usually the result of calling `frame.insert` many times, which has poor performance.  Consider joining all columns at once using pd.concat(axis=1) instead. To get a de-fragmented frame, use `newframe = frame.copy()`
  X[c] = s[c].to_numpy(dtype=np.float32)
C:\Users\Cem\Desktop\Datahon_Laptop\Grid-Up-Datathon---TasnifX\experiments\model29\m61_hava.py:387: PerformanceWarning: DataFrame is highly fragmented.  This is usually the result of calling `frame.insert` many times, which has poor performance.  Consider joining all columns at once using pd.concat(axis=1) instead. To get a de-fragmented frame, use `newframe = frame.copy()`
  X[c] = s[c].to_numpy(dtype=np.float32)
C:\Users\Cem\Desktop\Datahon_Laptop\Grid-Up-Datathon---TasnifX\experiments\model29\m61_hava.py:390: PerformanceWarning: DataFrame is highly fragmented.  This is usually the result of calling `frame.insert` many times, which has poor performance.  Consider joining all columns at once using pd.concat(axis=1) instead. To get a de-fragmented frame, use `newframe = frame.copy()`
  X[c] = meta.tanim.map(eg[c]).to_numpy(dtype=np.float32)
C:\Users\Cem\Desktop\Datahon_Laptop\Grid-Up-Datathon---TasnifX\experiments\model29\m61_hava.py:390: PerformanceWarning: DataFrame is highly fragmented.  This is usually the result of calling `frame.insert` many times, which has poor performance.  Consider joining all columns at once using pd.concat(axis=1) instead. To get a de-fragmented frame, use `newframe = frame.copy()`
  X[c] = meta.tanim.map(eg[c]).to_numpy(dtype=np.float32)
C:\Users\Cem\Desktop\Datahon_Laptop\Grid-Up-Datathon---TasnifX\experiments\model29\m61_hava.py:391: PerformanceWarning: DataFrame is highly fragmented.  This is usually the result of calling `frame.insert` many times, which has poor performance.  Consider joining all columns at once using pd.concat(axis=1) instead. To get a de-fragmented frame, use `newframe = frame.copy()`
  X["t_cdd_etki"] = (X.t_egim_cdd22 * X.cdd22_ort7).astype(np.float32)
C:\Users\Cem\Desktop\Datahon_Laptop\Grid-Up-Datathon---TasnifX\experiments\model29\m61_hava.py:392: PerformanceWarning: DataFrame is highly fragmented.  This is usually the result of calling `frame.insert` many times, which has poor performance.  Consider joining all columns at once using pd.concat(axis=1) instead. To get a de-fragmented frame, use `newframe = frame.copy()`
  X["t_hdd_etki"] = (X.t_egim_hdd18 * X.hdd18_ort7).astype(np.float32)
C:\Users\Cem\Desktop\Datahon_Laptop\Grid-Up-Datathon---TasnifX\experiments\model29\m61_hava.py:372: PerformanceWarning: DataFrame is highly fragmented.  This is usually the result of calling `frame.insert` many times, which has poor performance.  Consider joining all columns at once using pd.concat(axis=1) instead. To get a de-fragmented frame, use `newframe = frame.copy()`
  X[c] = s[c].to_numpy(dtype=np.float32)
C:\Users\Cem\Desktop\Datahon_Laptop\Grid-Up-Datathon---TasnifX\experiments\model29\m61_hava.py:372: PerformanceWarning: DataFrame is highly fragmented.  This is usually the result of calling `frame.insert` many times, which has poor performance.  Consider joining all columns at once using pd.concat(axis=1) instead. To get a de-fragmented frame, use `newframe = frame.copy()`
  X[c] = s[c].to_numpy(dtype=np.float32)
C:\Users\Cem\Desktop\Datahon_Laptop\Grid-Up-Datathon---TasnifX\experiments\model29\m61_hava.py:372: PerformanceWarning: DataFrame is highly fragmented.  This is usually the result of calling `frame.insert` many times, which has poor performance.  Consider joining all columns at once using pd.concat(axis=1) instead. To get a de-fragmented frame, use `newframe = frame.copy()`
  X[c] = s[c].to_numpy(dtype=np.float32)
C:\Users\Cem\Desktop\Datahon_Laptop\Grid-Up-Datathon---TasnifX\experiments\model29\m61_hava.py:372: PerformanceWarning: DataFrame is highly fragmented.  This is usually the result of calling `frame.insert` many times, which has poor performance.  Consider joining all columns at once using pd.concat(axis=1) instead. To get a de-fragmented frame, use `newframe = frame.copy()`
  X[c] = s[c].to_numpy(dtype=np.float32)
C:\Users\Cem\Desktop\Datahon_Laptop\Grid-Up-Datathon---TasnifX\experiments\model29\m61_hava.py:372: PerformanceWarning: DataFrame is highly fragmented.  This is usually the result of calling `frame.insert` many times, which has poor performance.  Consider joining all columns at once using pd.concat(axis=1) instead. To get a de-fragmented frame, use `newframe = frame.copy()`
  X[c] = s[c].to_numpy(dtype=np.float32)
C:\Users\Cem\Desktop\Datahon_Laptop\Grid-Up-Datathon---TasnifX\experiments\model29\m61_hava.py:372: PerformanceWarning: DataFrame is highly fragmented.  This is usually the result of calling `frame.insert` many times, which has poor performance.  Consider joining all columns at once using pd.concat(axis=1) instead. To get a de-fragmented frame, use `newframe = frame.copy()`
  X[c] = s[c].to_numpy(dtype=np.float32)
C:\Users\Cem\Desktop\Datahon_Laptop\Grid-Up-Datathon---TasnifX\experiments\model29\m61_hava.py:372: PerformanceWarning: DataFrame is highly fragmented.  This is usually the result of calling `frame.insert` many times, which has poor performance.  Consider joining all columns at once using pd.concat(axis=1) instead. To get a de-fragmented frame, use `newframe = frame.copy()`
  X[c] = s[c].to_numpy(dtype=np.float32)
C:\Users\Cem\Desktop\Datahon_Laptop\Grid-Up-Datathon---TasnifX\experiments\model29\m61_hava.py:372: PerformanceWarning: DataFrame is highly fragmented.  This is usually the result of calling `frame.insert` many times, which has poor performance.  Consider joining all columns at once using pd.concat(axis=1) instead. To get a de-fragmented frame, use `newframe = frame.copy()`
  X[c] = s[c].to_numpy(dtype=np.float32)
C:\Users\Cem\Desktop\Datahon_Laptop\Grid-Up-Datathon---TasnifX\experiments\model29\m61_hava.py:372: PerformanceWarning: DataFrame is highly fragmented.  This is usually the result of calling `frame.insert` many times, which has poor performance.  Consider joining all columns at once using pd.concat(axis=1) instead. To get a de-fragmented frame, use `newframe = frame.copy()`
  X[c] = s[c].to_numpy(dtype=np.float32)
C:\Users\Cem\Desktop\Datahon_Laptop\Grid-Up-Datathon---TasnifX\experiments\model29\m61_hava.py:372: PerformanceWarning: DataFrame is highly fragmented.  This is usually the result of calling `frame.insert` many times, which has poor performance.  Consider joining all columns at once using pd.concat(axis=1) instead. To get a de-fragmented frame, use `newframe = frame.copy()`
  X[c] = s[c].to_numpy(dtype=np.float32)
C:\Users\Cem\Desktop\Datahon_Laptop\Grid-Up-Datathon---TasnifX\experiments\model29\m61_hava.py:372: PerformanceWarning: DataFrame is highly fragmented.  This is usually the result of calling `frame.insert` many times, which has poor performance.  Consider joining all columns at once using pd.concat(axis=1) instead. To get a de-fragmented frame, use `newframe = frame.copy()`
  X[c] = s[c].to_numpy(dtype=np.float32)
C:\Users\Cem\Desktop\Datahon_Laptop\Grid-Up-Datathon---TasnifX\experiments\model29\m61_hava.py:372: PerformanceWarning: DataFrame is highly fragmented.  This is usually the result of calling `frame.insert` many times, which has poor performance.  Consider joining all columns at once using pd.concat(axis=1) instead. To get a de-fragmented frame, use `newframe = frame.copy()`
  X[c] = s[c].to_numpy(dtype=np.float32)
C:\Users\Cem\Desktop\Datahon_Laptop\Grid-Up-Datathon---TasnifX\experiments\model29\m61_hava.py:372: PerformanceWarning: DataFrame is highly fragmented.  This is usually the result of calling `frame.insert` many times, which has poor performance.  Consider joining all columns at once using pd.concat(axis=1) instead. To get a de-fragmented frame, use `newframe = frame.copy()`
  X[c] = s[c].to_numpy(dtype=np.float32)
C:\Users\Cem\Desktop\Datahon_Laptop\Grid-Up-Datathon---TasnifX\experiments\model29\m61_hava.py:372: PerformanceWarning: DataFrame is highly fragmented.  This is usually the result of calling `frame.insert` many times, which has poor performance.  Consider joining all columns at once using pd.concat(axis=1) instead. To get a de-fragmented frame, use `newframe = frame.copy()`
  X[c] = s[c].to_numpy(dtype=np.float32)
C:\Users\Cem\Desktop\Datahon_Laptop\Grid-Up-Datathon---TasnifX\experiments\model29\m61_hava.py:372: PerformanceWarning: DataFrame is highly fragmented.  This is usually the result of calling `frame.insert` many times, which has poor performance.  Consider joining all columns at once using pd.concat(axis=1) instead. To get a de-fragmented frame, use `newframe = frame.copy()`
  X[c] = s[c].to_numpy(dtype=np.float32)
C:\Users\Cem\Desktop\Datahon_Laptop\Grid-Up-Datathon---TasnifX\experiments\model29\m61_hava.py:372: PerformanceWarning: DataFrame is highly fragmented.  This is usually the result of calling `frame.insert` many times, which has poor performance.  Consider joining all columns at once using pd.concat(axis=1) instead. To get a de-fragmented frame, use `newframe = frame.copy()`
  X[c] = s[c].to_numpy(dtype=np.float32)
C:\Users\Cem\Desktop\Datahon_Laptop\Grid-Up-Datathon---TasnifX\experiments\model29\m61_hava.py:372: PerformanceWarning: DataFrame is highly fragmented.  This is usually the result of calling `frame.insert` many times, which has poor performance.  Consider joining all columns at once using pd.concat(axis=1) instead. To get a de-fragmented frame, use `newframe = frame.copy()`
  X[c] = s[c].to_numpy(dtype=np.float32)
C:\Users\Cem\Desktop\Datahon_Laptop\Grid-Up-Datathon---TasnifX\experiments\model29\m61_hava.py:372: PerformanceWarning: DataFrame is highly fragmented.  This is usually the result of calling `frame.insert` many times, which has poor performance.  Consider joining all columns at once using pd.concat(axis=1) instead. To get a de-fragmented frame, use `newframe = frame.copy()`
  X[c] = s[c].to_numpy(dtype=np.float32)
C:\Users\Cem\Desktop\Datahon_Laptop\Grid-Up-Datathon---TasnifX\experiments\model29\m61_hava.py:372: PerformanceWarning: DataFrame is highly fragmented.  This is usually the result of calling `frame.insert` many times, which has poor performance.  Consider joining all columns at once using pd.concat(axis=1) instead. To get a de-fragmented frame, use `newframe = frame.copy()`
  X[c] = s[c].to_numpy(dtype=np.float32)
C:\Users\Cem\Desktop\Datahon_Laptop\Grid-Up-Datathon---TasnifX\experiments\model29\m61_hava.py:372: PerformanceWarning: DataFrame is highly fragmented.  This is usually the result of calling `frame.insert` many times, which has poor performance.  Consider joining all columns at once using pd.concat(axis=1) instead. To get a de-fragmented frame, use `newframe = frame.copy()`
  X[c] = s[c].to_numpy(dtype=np.float32)
C:\Users\Cem\Desktop\Datahon_Laptop\Grid-Up-Datathon---TasnifX\experiments\model29\m61_hava.py:373: PerformanceWarning: DataFrame is highly fragmented.  This is usually the result of calling `frame.insert` many times, which has poor performance.  Consider joining all columns at once using pd.concat(axis=1) instead. To get a de-fragmented frame, use `newframe = frame.copy()`
  X["d_guc_payi"] = (X.guc / X["d_ilce_toplam_guc"]).astype(np.float32)
C:\Users\Cem\Desktop\Datahon_Laptop\Grid-Up-Datathon---TasnifX\experiments\model29\m61_hava.py:374: PerformanceWarning: DataFrame is highly fragmented.  This is usually the result of calling `frame.insert` many times, which has poor performance.  Consider joining all columns at once using pd.concat(axis=1) instead. To get a de-fragmented frame, use `newframe = frame.copy()`
  X["d_guc_medyan_orani"] = (X.guc / X["d_ilce_guc_medyan"]).astype(np.float32)
C:\Users\Cem\Desktop\Datahon_Laptop\Grid-Up-Datathon---TasnifX\experiments\model29\m61_hava.py:380: PerformanceWarning: DataFrame is highly fragmented.  This is usually the result of calling `frame.insert` many times, which has poor performance.  Consider joining all columns at once using pd.concat(axis=1) instead. To get a de-fragmented frame, use `newframe = frame.copy()`
  X[c] = d[c].to_numpy(dtype=np.float32)
C:\Users\Cem\Desktop\Datahon_Laptop\Grid-Up-Datathon---TasnifX\experiments\model29\m61_hava.py:380: PerformanceWarning: DataFrame is highly fragmented.  This is usually the result of calling `frame.insert` many times, which has poor performance.  Consider joining all columns at once using pd.concat(axis=1) instead. To get a de-fragmented frame, use `newframe = frame.copy()`
  X[c] = d[c].to_numpy(dtype=np.float32)
C:\Users\Cem\Desktop\Datahon_Laptop\Grid-Up-Datathon---TasnifX\experiments\model29\m61_hava.py:380: PerformanceWarning: DataFrame is highly fragmented.  This is usually the result of calling `frame.insert` many times, which has poor performance.  Consider joining all columns at once using pd.concat(axis=1) instead. To get a de-fragmented frame, use `newframe = frame.copy()`
  X[c] = d[c].to_numpy(dtype=np.float32)
C:\Users\Cem\Desktop\Datahon_Laptop\Grid-Up-Datathon---TasnifX\experiments\model29\m61_hava.py:380: PerformanceWarning: DataFrame is highly fragmented.  This is usually the result of calling `frame.insert` many times, which has poor performance.  Consider joining all columns at once using pd.concat(axis=1) instead. To get a de-fragmented frame, use `newframe = frame.copy()`
  X[c] = d[c].to_numpy(dtype=np.float32)
C:\Users\Cem\Desktop\Datahon_Laptop\Grid-Up-Datathon---TasnifX\experiments\model29\m61_hava.py:380: PerformanceWarning: DataFrame is highly fragmented.  This is usually the result of calling `frame.insert` many times, which has poor performance.  Consider joining all columns at once using pd.concat(axis=1) instead. To get a de-fragmented frame, use `newframe = frame.copy()`
  X[c] = d[c].to_numpy(dtype=np.float32)
C:\Users\Cem\Desktop\Datahon_Laptop\Grid-Up-Datathon---TasnifX\experiments\model29\m61_hava.py:383: PerformanceWarning: DataFrame is highly fragmented.  This is usually the result of calling `frame.insert` many times, which has poor performance.  Consider joining all columns at once using pd.concat(axis=1) instead. To get a de-fragmented frame, use `newframe = frame.copy()`
  X[c] = g[c].to_numpy(dtype=np.float32)
C:\Users\Cem\Desktop\Datahon_Laptop\Grid-Up-Datathon---TasnifX\experiments\model29\m61_hava.py:383: PerformanceWarning: DataFrame is highly fragmented.  This is usually the result of calling `frame.insert` many times, which has poor performance.  Consider joining all columns at once using pd.concat(axis=1) instead. To get a de-fragmented frame, use `newframe = frame.copy()`
  X[c] = g[c].to_numpy(dtype=np.float32)
C:\Users\Cem\Desktop\Datahon_Laptop\Grid-Up-Datathon---TasnifX\experiments\model29\m61_hava.py:387: PerformanceWarning: DataFrame is highly fragmented.  This is usually the result of calling `frame.insert` many times, which has poor performance.  Consider joining all columns at once using pd.concat(axis=1) instead. To get a de-fragmented frame, use `newframe = frame.copy()`
  X[c] = s[c].to_numpy(dtype=np.float32)
C:\Users\Cem\Desktop\Datahon_Laptop\Grid-Up-Datathon---TasnifX\experiments\model29\m61_hava.py:387: PerformanceWarning: DataFrame is highly fragmented.  This is usually the result of calling `frame.insert` many times, which has poor performance.  Consider joining all columns at once using pd.concat(axis=1) instead. To get a de-fragmented frame, use `newframe = frame.copy()`
  X[c] = s[c].to_numpy(dtype=np.float32)
C:\Users\Cem\Desktop\Datahon_Laptop\Grid-Up-Datathon---TasnifX\experiments\model29\m61_hava.py:390: PerformanceWarning: DataFrame is highly fragmented.  This is usually the result of calling `frame.insert` many times, which has poor performance.  Consider joining all columns at once using pd.concat(axis=1) instead. To get a de-fragmented frame, use `newframe = frame.copy()`
  X[c] = meta.tanim.map(eg[c]).to_numpy(dtype=np.float32)
C:\Users\Cem\Desktop\Datahon_Laptop\Grid-Up-Datathon---TasnifX\experiments\model29\m61_hava.py:390: PerformanceWarning: DataFrame is highly fragmented.  This is usually the result of calling `frame.insert` many times, which has poor performance.  Consider joining all columns at once using pd.concat(axis=1) instead. To get a de-fragmented frame, use `newframe = frame.copy()`
  X[c] = meta.tanim.map(eg[c]).to_numpy(dtype=np.float32)
C:\Users\Cem\Desktop\Datahon_Laptop\Grid-Up-Datathon---TasnifX\experiments\model29\m61_hava.py:391: PerformanceWarning: DataFrame is highly fragmented.  This is usually the result of calling `frame.insert` many times, which has poor performance.  Consider joining all columns at once using pd.concat(axis=1) instead. To get a de-fragmented frame, use `newframe = frame.copy()`
  X["t_cdd_etki"] = (X.t_egim_cdd22 * X.cdd22_ort7).astype(np.float32)
C:\Users\Cem\Desktop\Datahon_Laptop\Grid-Up-Datathon---TasnifX\experiments\model29\m61_hava.py:392: PerformanceWarning: DataFrame is highly fragmented.  This is usually the result of calling `frame.insert` many times, which has poor performance.  Consider joining all columns at once using pd.concat(axis=1) instead. To get a de-fragmented frame, use `newframe = frame.copy()`
  X["t_hdd_etki"] = (X.t_egim_hdd18 * X.hdd18_ort7).astype(np.float32)
C:\Users\Cem\Desktop\Datahon_Laptop\Grid-Up-Datathon---TasnifX\experiments\model29\m61_hava.py:372: PerformanceWarning: DataFrame is highly fragmented.  This is usually the result of calling `frame.insert` many times, which has poor performance.  Consider joining all columns at once using pd.concat(axis=1) instead. To get a de-fragmented frame, use `newframe = frame.copy()`
  X[c] = s[c].to_numpy(dtype=np.float32)
C:\Users\Cem\Desktop\Datahon_Laptop\Grid-Up-Datathon---TasnifX\experiments\model29\m61_hava.py:372: PerformanceWarning: DataFrame is highly fragmented.  This is usually the result of calling `frame.insert` many times, which has poor performance.  Consider joining all columns at once using pd.concat(axis=1) instead. To get a de-fragmented frame, use `newframe = frame.copy()`
  X[c] = s[c].to_numpy(dtype=np.float32)
C:\Users\Cem\Desktop\Datahon_Laptop\Grid-Up-Datathon---TasnifX\experiments\model29\m61_hava.py:372: PerformanceWarning: DataFrame is highly fragmented.  This is usually the result of calling `frame.insert` many times, which has poor performance.  Consider joining all columns at once using pd.concat(axis=1) instead. To get a de-fragmented frame, use `newframe = frame.copy()`
  X[c] = s[c].to_numpy(dtype=np.float32)
C:\Users\Cem\Desktop\Datahon_Laptop\Grid-Up-Datathon---TasnifX\experiments\model29\m61_hava.py:372: PerformanceWarning: DataFrame is highly fragmented.  This is usually the result of calling `frame.insert` many times, which has poor performance.  Consider joining all columns at once using pd.concat(axis=1) instead. To get a de-fragmented frame, use `newframe = frame.copy()`
  X[c] = s[c].to_numpy(dtype=np.float32)
C:\Users\Cem\Desktop\Datahon_Laptop\Grid-Up-Datathon---TasnifX\experiments\model29\m61_hava.py:372: PerformanceWarning: DataFrame is highly fragmented.  This is usually the result of calling `frame.insert` many times, which has poor performance.  Consider joining all columns at once using pd.concat(axis=1) instead. To get a de-fragmented frame, use `newframe = frame.copy()`
  X[c] = s[c].to_numpy(dtype=np.float32)
C:\Users\Cem\Desktop\Datahon_Laptop\Grid-Up-Datathon---TasnifX\experiments\model29\m61_hava.py:372: PerformanceWarning: DataFrame is highly fragmented.  This is usually the result of calling `frame.insert` many times, which has poor performance.  Consider joining all columns at once using pd.concat(axis=1) instead. To get a de-fragmented frame, use `newframe = frame.copy()`
  X[c] = s[c].to_numpy(dtype=np.float32)
C:\Users\Cem\Desktop\Datahon_Laptop\Grid-Up-Datathon---TasnifX\experiments\model29\m61_hava.py:372: PerformanceWarning: DataFrame is highly fragmented.  This is usually the result of calling `frame.insert` many times, which has poor performance.  Consider joining all columns at once using pd.concat(axis=1) instead. To get a de-fragmented frame, use `newframe = frame.copy()`
  X[c] = s[c].to_numpy(dtype=np.float32)
C:\Users\Cem\Desktop\Datahon_Laptop\Grid-Up-Datathon---TasnifX\experiments\model29\m61_hava.py:372: PerformanceWarning: DataFrame is highly fragmented.  This is usually the result of calling `frame.insert` many times, which has poor performance.  Consider joining all columns at once using pd.concat(axis=1) instead. To get a de-fragmented frame, use `newframe = frame.copy()`
  X[c] = s[c].to_numpy(dtype=np.float32)
C:\Users\Cem\Desktop\Datahon_Laptop\Grid-Up-Datathon---TasnifX\experiments\model29\m61_hava.py:372: PerformanceWarning: DataFrame is highly fragmented.  This is usually the result of calling `frame.insert` many times, which has poor performance.  Consider joining all columns at once using pd.concat(axis=1) instead. To get a de-fragmented frame, use `newframe = frame.copy()`
  X[c] = s[c].to_numpy(dtype=np.float32)
C:\Users\Cem\Desktop\Datahon_Laptop\Grid-Up-Datathon---TasnifX\experiments\model29\m61_hava.py:372: PerformanceWarning: DataFrame is highly fragmented.  This is usually the result of calling `frame.insert` many times, which has poor performance.  Consider joining all columns at once using pd.concat(axis=1) instead. To get a de-fragmented frame, use `newframe = frame.copy()`
  X[c] = s[c].to_numpy(dtype=np.float32)
C:\Users\Cem\Desktop\Datahon_Laptop\Grid-Up-Datathon---TasnifX\experiments\model29\m61_hava.py:372: PerformanceWarning: DataFrame is highly fragmented.  This is usually the result of calling `frame.insert` many times, which has poor performance.  Consider joining all columns at once using pd.concat(axis=1) instead. To get a de-fragmented frame, use `newframe = frame.copy()`
  X[c] = s[c].to_numpy(dtype=np.float32)
C:\Users\Cem\Desktop\Datahon_Laptop\Grid-Up-Datathon---TasnifX\experiments\model29\m61_hava.py:372: PerformanceWarning: DataFrame is highly fragmented.  This is usually the result of calling `frame.insert` many times, which has poor performance.  Consider joining all columns at once using pd.concat(axis=1) instead. To get a de-fragmented frame, use `newframe = frame.copy()`
  X[c] = s[c].to_numpy(dtype=np.float32)
C:\Users\Cem\Desktop\Datahon_Laptop\Grid-Up-Datathon---TasnifX\experiments\model29\m61_hava.py:372: PerformanceWarning: DataFrame is highly fragmented.  This is usually the result of calling `frame.insert` many times, which has poor performance.  Consider joining all columns at once using pd.concat(axis=1) instead. To get a de-fragmented frame, use `newframe = frame.copy()`
  X[c] = s[c].to_numpy(dtype=np.float32)
C:\Users\Cem\Desktop\Datahon_Laptop\Grid-Up-Datathon---TasnifX\experiments\model29\m61_hava.py:372: PerformanceWarning: DataFrame is highly fragmented.  This is usually the result of calling `frame.insert` many times, which has poor performance.  Consider joining all columns at once using pd.concat(axis=1) instead. To get a de-fragmented frame, use `newframe = frame.copy()`
  X[c] = s[c].to_numpy(dtype=np.float32)
C:\Users\Cem\Desktop\Datahon_Laptop\Grid-Up-Datathon---TasnifX\experiments\model29\m61_hava.py:372: PerformanceWarning: DataFrame is highly fragmented.  This is usually the result of calling `frame.insert` many times, which has poor performance.  Consider joining all columns at once using pd.concat(axis=1) instead. To get a de-fragmented frame, use `newframe = frame.copy()`
  X[c] = s[c].to_numpy(dtype=np.float32)
C:\Users\Cem\Desktop\Datahon_Laptop\Grid-Up-Datathon---TasnifX\experiments\model29\m61_hava.py:372: PerformanceWarning: DataFrame is highly fragmented.  This is usually the result of calling `frame.insert` many times, which has poor performance.  Consider joining all columns at once using pd.concat(axis=1) instead. To get a de-fragmented frame, use `newframe = frame.copy()`
  X[c] = s[c].to_numpy(dtype=np.float32)
C:\Users\Cem\Desktop\Datahon_Laptop\Grid-Up-Datathon---TasnifX\experiments\model29\m61_hava.py:372: PerformanceWarning: DataFrame is highly fragmented.  This is usually the result of calling `frame.insert` many times, which has poor performance.  Consider joining all columns at once using pd.concat(axis=1) instead. To get a de-fragmented frame, use `newframe = frame.copy()`
  X[c] = s[c].to_numpy(dtype=np.float32)
C:\Users\Cem\Desktop\Datahon_Laptop\Grid-Up-Datathon---TasnifX\experiments\model29\m61_hava.py:372: PerformanceWarning: DataFrame is highly fragmented.  This is usually the result of calling `frame.insert` many times, which has poor performance.  Consider joining all columns at once using pd.concat(axis=1) instead. To get a de-fragmented frame, use `newframe = frame.copy()`
  X[c] = s[c].to_numpy(dtype=np.float32)
C:\Users\Cem\Desktop\Datahon_Laptop\Grid-Up-Datathon---TasnifX\experiments\model29\m61_hava.py:372: PerformanceWarning: DataFrame is highly fragmented.  This is usually the result of calling `frame.insert` many times, which has poor performance.  Consider joining all columns at once using pd.concat(axis=1) instead. To get a de-fragmented frame, use `newframe = frame.copy()`
  X[c] = s[c].to_numpy(dtype=np.float32)
C:\Users\Cem\Desktop\Datahon_Laptop\Grid-Up-Datathon---TasnifX\experiments\model29\m61_hava.py:372: PerformanceWarning: DataFrame is highly fragmented.  This is usually the result of calling `frame.insert` many times, which has poor performance.  Consider joining all columns at once using pd.concat(axis=1) instead. To get a de-fragmented frame, use `newframe = frame.copy()`
  X[c] = s[c].to_numpy(dtype=np.float32)
C:\Users\Cem\Desktop\Datahon_Laptop\Grid-Up-Datathon---TasnifX\experiments\model29\m61_hava.py:373: PerformanceWarning: DataFrame is highly fragmented.  This is usually the result of calling `frame.insert` many times, which has poor performance.  Consider joining all columns at once using pd.concat(axis=1) instead. To get a de-fragmented frame, use `newframe = frame.copy()`
  X["d_guc_payi"] = (X.guc / X["d_ilce_toplam_guc"]).astype(np.float32)
C:\Users\Cem\Desktop\Datahon_Laptop\Grid-Up-Datathon---TasnifX\experiments\model29\m61_hava.py:374: PerformanceWarning: DataFrame is highly fragmented.  This is usually the result of calling `frame.insert` many times, which has poor performance.  Consider joining all columns at once using pd.concat(axis=1) instead. To get a de-fragmented frame, use `newframe = frame.copy()`
  X["d_guc_medyan_orani"] = (X.guc / X["d_ilce_guc_medyan"]).astype(np.float32)
C:\Users\Cem\Desktop\Datahon_Laptop\Grid-Up-Datathon---TasnifX\experiments\model29\m61_hava.py:380: PerformanceWarning: DataFrame is highly fragmented.  This is usually the result of calling `frame.insert` many times, which has poor performance.  Consider joining all columns at once using pd.concat(axis=1) instead. To get a de-fragmented frame, use `newframe = frame.copy()`
  X[c] = d[c].to_numpy(dtype=np.float32)
C:\Users\Cem\Desktop\Datahon_Laptop\Grid-Up-Datathon---TasnifX\experiments\model29\m61_hava.py:380: PerformanceWarning: DataFrame is highly fragmented.  This is usually the result of calling `frame.insert` many times, which has poor performance.  Consider joining all columns at once using pd.concat(axis=1) instead. To get a de-fragmented frame, use `newframe = frame.copy()`
  X[c] = d[c].to_numpy(dtype=np.float32)
C:\Users\Cem\Desktop\Datahon_Laptop\Grid-Up-Datathon---TasnifX\experiments\model29\m61_hava.py:380: PerformanceWarning: DataFrame is highly fragmented.  This is usually the result of calling `frame.insert` many times, which has poor performance.  Consider joining all columns at once using pd.concat(axis=1) instead. To get a de-fragmented frame, use `newframe = frame.copy()`
  X[c] = d[c].to_numpy(dtype=np.float32)
C:\Users\Cem\Desktop\Datahon_Laptop\Grid-Up-Datathon---TasnifX\experiments\model29\m61_hava.py:380: PerformanceWarning: DataFrame is highly fragmented.  This is usually the result of calling `frame.insert` many times, which has poor performance.  Consider joining all columns at once using pd.concat(axis=1) instead. To get a de-fragmented frame, use `newframe = frame.copy()`
  X[c] = d[c].to_numpy(dtype=np.float32)
C:\Users\Cem\Desktop\Datahon_Laptop\Grid-Up-Datathon---TasnifX\experiments\model29\m61_hava.py:380: PerformanceWarning: DataFrame is highly fragmented.  This is usually the result of calling `frame.insert` many times, which has poor performance.  Consider joining all columns at once using pd.concat(axis=1) instead. To get a de-fragmented frame, use `newframe = frame.copy()`
  X[c] = d[c].to_numpy(dtype=np.float32)
C:\Users\Cem\Desktop\Datahon_Laptop\Grid-Up-Datathon---TasnifX\experiments\model29\m61_hava.py:383: PerformanceWarning: DataFrame is highly fragmented.  This is usually the result of calling `frame.insert` many times, which has poor performance.  Consider joining all columns at once using pd.concat(axis=1) instead. To get a de-fragmented frame, use `newframe = frame.copy()`
  X[c] = g[c].to_numpy(dtype=np.float32)
C:\Users\Cem\Desktop\Datahon_Laptop\Grid-Up-Datathon---TasnifX\experiments\model29\m61_hava.py:383: PerformanceWarning: DataFrame is highly fragmented.  This is usually the result of calling `frame.insert` many times, which has poor performance.  Consider joining all columns at once using pd.concat(axis=1) instead. To get a de-fragmented frame, use `newframe = frame.copy()`
  X[c] = g[c].to_numpy(dtype=np.float32)
C:\Users\Cem\Desktop\Datahon_Laptop\Grid-Up-Datathon---TasnifX\experiments\model29\m61_hava.py:387: PerformanceWarning: DataFrame is highly fragmented.  This is usually the result of calling `frame.insert` many times, which has poor performance.  Consider joining all columns at once using pd.concat(axis=1) instead. To get a de-fragmented frame, use `newframe = frame.copy()`
  X[c] = s[c].to_numpy(dtype=np.float32)
C:\Users\Cem\Desktop\Datahon_Laptop\Grid-Up-Datathon---TasnifX\experiments\model29\m61_hava.py:387: PerformanceWarning: DataFrame is highly fragmented.  This is usually the result of calling `frame.insert` many times, which has poor performance.  Consider joining all columns at once using pd.concat(axis=1) instead. To get a de-fragmented frame, use `newframe = frame.copy()`
  X[c] = s[c].to_numpy(dtype=np.float32)
C:\Users\Cem\Desktop\Datahon_Laptop\Grid-Up-Datathon---TasnifX\experiments\model29\m61_hava.py:390: PerformanceWarning: DataFrame is highly fragmented.  This is usually the result of calling `frame.insert` many times, which has poor performance.  Consider joining all columns at once using pd.concat(axis=1) instead. To get a de-fragmented frame, use `newframe = frame.copy()`
  X[c] = meta.tanim.map(eg[c]).to_numpy(dtype=np.float32)
C:\Users\Cem\Desktop\Datahon_Laptop\Grid-Up-Datathon---TasnifX\experiments\model29\m61_hava.py:390: PerformanceWarning: DataFrame is highly fragmented.  This is usually the result of calling `frame.insert` many times, which has poor performance.  Consider joining all columns at once using pd.concat(axis=1) instead. To get a de-fragmented frame, use `newframe = frame.copy()`
  X[c] = meta.tanim.map(eg[c]).to_numpy(dtype=np.float32)
C:\Users\Cem\Desktop\Datahon_Laptop\Grid-Up-Datathon---TasnifX\experiments\model29\m61_hava.py:391: PerformanceWarning: DataFrame is highly fragmented.  This is usually the result of calling `frame.insert` many times, which has poor performance.  Consider joining all columns at once using pd.concat(axis=1) instead. To get a de-fragmented frame, use `newframe = frame.copy()`
  X["t_cdd_etki"] = (X.t_egim_cdd22 * X.cdd22_ort7).astype(np.float32)
C:\Users\Cem\Desktop\Datahon_Laptop\Grid-Up-Datathon---TasnifX\experiments\model29\m61_hava.py:392: PerformanceWarning: DataFrame is highly fragmented.  This is usually the result of calling `frame.insert` many times, which has poor performance.  Consider joining all columns at once using pd.concat(axis=1) instead. To get a de-fragmented frame, use `newframe = frame.copy()`
  X["t_hdd_etki"] = (X.t_egim_hdd18 * X.hdd18_ort7).astype(np.float32)
C:\Users\Cem\Desktop\Datahon_Laptop\Grid-Up-Datathon---TasnifX\experiments\model29\m61_hava.py:372: PerformanceWarning: DataFrame is highly fragmented.  This is usually the result of calling `frame.insert` many times, which has poor performance.  Consider joining all columns at once using pd.concat(axis=1) instead. To get a de-fragmented frame, use `newframe = frame.copy()`
  X[c] = s[c].to_numpy(dtype=np.float32)
C:\Users\Cem\Desktop\Datahon_Laptop\Grid-Up-Datathon---TasnifX\experiments\model29\m61_hava.py:372: PerformanceWarning: DataFrame is highly fragmented.  This is usually the result of calling `frame.insert` many times, which has poor performance.  Consider joining all columns at once using pd.concat(axis=1) instead. To get a de-fragmented frame, use `newframe = frame.copy()`
  X[c] = s[c].to_numpy(dtype=np.float32)
C:\Users\Cem\Desktop\Datahon_Laptop\Grid-Up-Datathon---TasnifX\experiments\model29\m61_hava.py:372: PerformanceWarning: DataFrame is highly fragmented.  This is usually the result of calling `frame.insert` many times, which has poor performance.  Consider joining all columns at once using pd.concat(axis=1) instead. To get a de-fragmented frame, use `newframe = frame.copy()`
  X[c] = s[c].to_numpy(dtype=np.float32)
C:\Users\Cem\Desktop\Datahon_Laptop\Grid-Up-Datathon---TasnifX\experiments\model29\m61_hava.py:372: PerformanceWarning: DataFrame is highly fragmented.  This is usually the result of calling `frame.insert` many times, which has poor performance.  Consider joining all columns at once using pd.concat(axis=1) instead. To get a de-fragmented frame, use `newframe = frame.copy()`
  X[c] = s[c].to_numpy(dtype=np.float32)
C:\Users\Cem\Desktop\Datahon_Laptop\Grid-Up-Datathon---TasnifX\experiments\model29\m61_hava.py:372: PerformanceWarning: DataFrame is highly fragmented.  This is usually the result of calling `frame.insert` many times, which has poor performance.  Consider joining all columns at once using pd.concat(axis=1) instead. To get a de-fragmented frame, use `newframe = frame.copy()`
  X[c] = s[c].to_numpy(dtype=np.float32)
C:\Users\Cem\Desktop\Datahon_Laptop\Grid-Up-Datathon---TasnifX\experiments\model29\m61_hava.py:372: PerformanceWarning: DataFrame is highly fragmented.  This is usually the result of calling `frame.insert` many times, which has poor performance.  Consider joining all columns at once using pd.concat(axis=1) instead. To get a de-fragmented frame, use `newframe = frame.copy()`
  X[c] = s[c].to_numpy(dtype=np.float32)
C:\Users\Cem\Desktop\Datahon_Laptop\Grid-Up-Datathon---TasnifX\experiments\model29\m61_hava.py:372: PerformanceWarning: DataFrame is highly fragmented.  This is usually the result of calling `frame.insert` many times, which has poor performance.  Consider joining all columns at once using pd.concat(axis=1) instead. To get a de-fragmented frame, use `newframe = frame.copy()`
  X[c] = s[c].to_numpy(dtype=np.float32)
C:\Users\Cem\Desktop\Datahon_Laptop\Grid-Up-Datathon---TasnifX\experiments\model29\m61_hava.py:372: PerformanceWarning: DataFrame is highly fragmented.  This is usually the result of calling `frame.insert` many times, which has poor performance.  Consider joining all columns at once using pd.concat(axis=1) instead. To get a de-fragmented frame, use `newframe = frame.copy()`
  X[c] = s[c].to_numpy(dtype=np.float32)
C:\Users\Cem\Desktop\Datahon_Laptop\Grid-Up-Datathon---TasnifX\experiments\model29\m61_hava.py:372: PerformanceWarning: DataFrame is highly fragmented.  This is usually the result of calling `frame.insert` many times, which has poor performance.  Consider joining all columns at once using pd.concat(axis=1) instead. To get a de-fragmented frame, use `newframe = frame.copy()`
  X[c] = s[c].to_numpy(dtype=np.float32)
C:\Users\Cem\Desktop\Datahon_Laptop\Grid-Up-Datathon---TasnifX\experiments\model29\m61_hava.py:372: PerformanceWarning: DataFrame is highly fragmented.  This is usually the result of calling `frame.insert` many times, which has poor performance.  Consider joining all columns at once using pd.concat(axis=1) instead. To get a de-fragmented frame, use `newframe = frame.copy()`
  X[c] = s[c].to_numpy(dtype=np.float32)
C:\Users\Cem\Desktop\Datahon_Laptop\Grid-Up-Datathon---TasnifX\experiments\model29\m61_hava.py:372: PerformanceWarning: DataFrame is highly fragmented.  This is usually the result of calling `frame.insert` many times, which has poor performance.  Consider joining all columns at once using pd.concat(axis=1) instead. To get a de-fragmented frame, use `newframe = frame.copy()`
  X[c] = s[c].to_numpy(dtype=np.float32)
C:\Users\Cem\Desktop\Datahon_Laptop\Grid-Up-Datathon---TasnifX\experiments\model29\m61_hava.py:372: PerformanceWarning: DataFrame is highly fragmented.  This is usually the result of calling `frame.insert` many times, which has poor performance.  Consider joining all columns at once using pd.concat(axis=1) instead. To get a de-fragmented frame, use `newframe = frame.copy()`
  X[c] = s[c].to_numpy(dtype=np.float32)
C:\Users\Cem\Desktop\Datahon_Laptop\Grid-Up-Datathon---TasnifX\experiments\model29\m61_hava.py:372: PerformanceWarning: DataFrame is highly fragmented.  This is usually the result of calling `frame.insert` many times, which has poor performance.  Consider joining all columns at once using pd.concat(axis=1) instead. To get a de-fragmented frame, use `newframe = frame.copy()`
  X[c] = s[c].to_numpy(dtype=np.float32)
C:\Users\Cem\Desktop\Datahon_Laptop\Grid-Up-Datathon---TasnifX\experiments\model29\m61_hava.py:372: PerformanceWarning: DataFrame is highly fragmented.  This is usually the result of calling `frame.insert` many times, which has poor performance.  Consider joining all columns at once using pd.concat(axis=1) instead. To get a de-fragmented frame, use `newframe = frame.copy()`
  X[c] = s[c].to_numpy(dtype=np.float32)
C:\Users\Cem\Desktop\Datahon_Laptop\Grid-Up-Datathon---TasnifX\experiments\model29\m61_hava.py:372: PerformanceWarning: DataFrame is highly fragmented.  This is usually the result of calling `frame.insert` many times, which has poor performance.  Consider joining all columns at once using pd.concat(axis=1) instead. To get a de-fragmented frame, use `newframe = frame.copy()`
  X[c] = s[c].to_numpy(dtype=np.float32)
C:\Users\Cem\Desktop\Datahon_Laptop\Grid-Up-Datathon---TasnifX\experiments\model29\m61_hava.py:372: PerformanceWarning: DataFrame is highly fragmented.  This is usually the result of calling `frame.insert` many times, which has poor performance.  Consider joining all columns at once using pd.concat(axis=1) instead. To get a de-fragmented frame, use `newframe = frame.copy()`
  X[c] = s[c].to_numpy(dtype=np.float32)
C:\Users\Cem\Desktop\Datahon_Laptop\Grid-Up-Datathon---TasnifX\experiments\model29\m61_hava.py:372: PerformanceWarning: DataFrame is highly fragmented.  This is usually the result of calling `frame.insert` many times, which has poor performance.  Consider joining all columns at once using pd.concat(axis=1) instead. To get a de-fragmented frame, use `newframe = frame.copy()`
  X[c] = s[c].to_numpy(dtype=np.float32)
C:\Users\Cem\Desktop\Datahon_Laptop\Grid-Up-Datathon---TasnifX\experiments\model29\m61_hava.py:372: PerformanceWarning: DataFrame is highly fragmented.  This is usually the result of calling `frame.insert` many times, which has poor performance.  Consider joining all columns at once using pd.concat(axis=1) instead. To get a de-fragmented frame, use `newframe = frame.copy()`
  X[c] = s[c].to_numpy(dtype=np.float32)
C:\Users\Cem\Desktop\Datahon_Laptop\Grid-Up-Datathon---TasnifX\experiments\model29\m61_hava.py:372: PerformanceWarning: DataFrame is highly fragmented.  This is usually the result of calling `frame.insert` many times, which has poor performance.  Consider joining all columns at once using pd.concat(axis=1) instead. To get a de-fragmented frame, use `newframe = frame.copy()`
  X[c] = s[c].to_numpy(dtype=np.float32)
C:\Users\Cem\Desktop\Datahon_Laptop\Grid-Up-Datathon---TasnifX\experiments\model29\m61_hava.py:372: PerformanceWarning: DataFrame is highly fragmented.  This is usually the result of calling `frame.insert` many times, which has poor performance.  Consider joining all columns at once using pd.concat(axis=1) instead. To get a de-fragmented frame, use `newframe = frame.copy()`
  X[c] = s[c].to_numpy(dtype=np.float32)
C:\Users\Cem\Desktop\Datahon_Laptop\Grid-Up-Datathon---TasnifX\experiments\model29\m61_hava.py:373: PerformanceWarning: DataFrame is highly fragmented.  This is usually the result of calling `frame.insert` many times, which has poor performance.  Consider joining all columns at once using pd.concat(axis=1) instead. To get a de-fragmented frame, use `newframe = frame.copy()`
  X["d_guc_payi"] = (X.guc / X["d_ilce_toplam_guc"]).astype(np.float32)
C:\Users\Cem\Desktop\Datahon_Laptop\Grid-Up-Datathon---TasnifX\experiments\model29\m61_hava.py:374: PerformanceWarning: DataFrame is highly fragmented.  This is usually the result of calling `frame.insert` many times, which has poor performance.  Consider joining all columns at once using pd.concat(axis=1) instead. To get a de-fragmented frame, use `newframe = frame.copy()`
  X["d_guc_medyan_orani"] = (X.guc / X["d_ilce_guc_medyan"]).astype(np.float32)
C:\Users\Cem\Desktop\Datahon_Laptop\Grid-Up-Datathon---TasnifX\experiments\model29\m61_hava.py:380: PerformanceWarning: DataFrame is highly fragmented.  This is usually the result of calling `frame.insert` many times, which has poor performance.  Consider joining all columns at once using pd.concat(axis=1) instead. To get a de-fragmented frame, use `newframe = frame.copy()`
  X[c] = d[c].to_numpy(dtype=np.float32)
C:\Users\Cem\Desktop\Datahon_Laptop\Grid-Up-Datathon---TasnifX\experiments\model29\m61_hava.py:380: PerformanceWarning: DataFrame is highly fragmented.  This is usually the result of calling `frame.insert` many times, which has poor performance.  Consider joining all columns at once using pd.concat(axis=1) instead. To get a de-fragmented frame, use `newframe = frame.copy()`
  X[c] = d[c].to_numpy(dtype=np.float32)
C:\Users\Cem\Desktop\Datahon_Laptop\Grid-Up-Datathon---TasnifX\experiments\model29\m61_hava.py:380: PerformanceWarning: DataFrame is highly fragmented.  This is usually the result of calling `frame.insert` many times, which has poor performance.  Consider joining all columns at once using pd.concat(axis=1) instead. To get a de-fragmented frame, use `newframe = frame.copy()`
  X[c] = d[c].to_numpy(dtype=np.float32)
C:\Users\Cem\Desktop\Datahon_Laptop\Grid-Up-Datathon---TasnifX\experiments\model29\m61_hava.py:380: PerformanceWarning: DataFrame is highly fragmented.  This is usually the result of calling `frame.insert` many times, which has poor performance.  Consider joining all columns at once using pd.concat(axis=1) instead. To get a de-fragmented frame, use `newframe = frame.copy()`
  X[c] = d[c].to_numpy(dtype=np.float32)
C:\Users\Cem\Desktop\Datahon_Laptop\Grid-Up-Datathon---TasnifX\experiments\model29\m61_hava.py:380: PerformanceWarning: DataFrame is highly fragmented.  This is usually the result of calling `frame.insert` many times, which has poor performance.  Consider joining all columns at once using pd.concat(axis=1) instead. To get a de-fragmented frame, use `newframe = frame.copy()`
  X[c] = d[c].to_numpy(dtype=np.float32)
C:\Users\Cem\Desktop\Datahon_Laptop\Grid-Up-Datathon---TasnifX\experiments\model29\m61_hava.py:383: PerformanceWarning: DataFrame is highly fragmented.  This is usually the result of calling `frame.insert` many times, which has poor performance.  Consider joining all columns at once using pd.concat(axis=1) instead. To get a de-fragmented frame, use `newframe = frame.copy()`
  X[c] = g[c].to_numpy(dtype=np.float32)
C:\Users\Cem\Desktop\Datahon_Laptop\Grid-Up-Datathon---TasnifX\experiments\model29\m61_hava.py:383: PerformanceWarning: DataFrame is highly fragmented.  This is usually the result of calling `frame.insert` many times, which has poor performance.  Consider joining all columns at once using pd.concat(axis=1) instead. To get a de-fragmented frame, use `newframe = frame.copy()`
  X[c] = g[c].to_numpy(dtype=np.float32)
C:\Users\Cem\Desktop\Datahon_Laptop\Grid-Up-Datathon---TasnifX\experiments\model29\m61_hava.py:387: PerformanceWarning: DataFrame is highly fragmented.  This is usually the result of calling `frame.insert` many times, which has poor performance.  Consider joining all columns at once using pd.concat(axis=1) instead. To get a de-fragmented frame, use `newframe = frame.copy()`
  X[c] = s[c].to_numpy(dtype=np.float32)
C:\Users\Cem\Desktop\Datahon_Laptop\Grid-Up-Datathon---TasnifX\experiments\model29\m61_hava.py:387: PerformanceWarning: DataFrame is highly fragmented.  This is usually the result of calling `frame.insert` many times, which has poor performance.  Consider joining all columns at once using pd.concat(axis=1) instead. To get a de-fragmented frame, use `newframe = frame.copy()`
  X[c] = s[c].to_numpy(dtype=np.float32)
C:\Users\Cem\Desktop\Datahon_Laptop\Grid-Up-Datathon---TasnifX\experiments\model29\m61_hava.py:390: PerformanceWarning: DataFrame is highly fragmented.  This is usually the result of calling `frame.insert` many times, which has poor performance.  Consider joining all columns at once using pd.concat(axis=1) instead. To get a de-fragmented frame, use `newframe = frame.copy()`
  X[c] = meta.tanim.map(eg[c]).to_numpy(dtype=np.float32)
C:\Users\Cem\Desktop\Datahon_Laptop\Grid-Up-Datathon---TasnifX\experiments\model29\m61_hava.py:390: PerformanceWarning: DataFrame is highly fragmented.  This is usually the result of calling `frame.insert` many times, which has poor performance.  Consider joining all columns at once using pd.concat(axis=1) instead. To get a de-fragmented frame, use `newframe = frame.copy()`
  X[c] = meta.tanim.map(eg[c]).to_numpy(dtype=np.float32)
C:\Users\Cem\Desktop\Datahon_Laptop\Grid-Up-Datathon---TasnifX\experiments\model29\m61_hava.py:391: PerformanceWarning: DataFrame is highly fragmented.  This is usually the result of calling `frame.insert` many times, which has poor performance.  Consider joining all columns at once using pd.concat(axis=1) instead. To get a de-fragmented frame, use `newframe = frame.copy()`
  X["t_cdd_etki"] = (X.t_egim_cdd22 * X.cdd22_ort7).astype(np.float32)
C:\Users\Cem\Desktop\Datahon_Laptop\Grid-Up-Datathon---TasnifX\experiments\model29\m61_hava.py:392: PerformanceWarning: DataFrame is highly fragmented.  This is usually the result of calling `frame.insert` many times, which has poor performance.  Consider joining all columns at once using pd.concat(axis=1) instead. To get a de-fragmented frame, use `newframe = frame.copy()`
  X["t_hdd_etki"] = (X.t_egim_hdd18 * X.hdd18_ort7).astype(np.float32)
C:\Users\Cem\Desktop\Datahon_Laptop\Grid-Up-Datathon---TasnifX\experiments\model29\m61_hava.py:372: PerformanceWarning: DataFrame is highly fragmented.  This is usually the result of calling `frame.insert` many times, which has poor performance.  Consider joining all columns at once using pd.concat(axis=1) instead. To get a de-fragmented frame, use `newframe = frame.copy()`
  X[c] = s[c].to_numpy(dtype=np.float32)
C:\Users\Cem\Desktop\Datahon_Laptop\Grid-Up-Datathon---TasnifX\experiments\model29\m61_hava.py:372: PerformanceWarning: DataFrame is highly fragmented.  This is usually the result of calling `frame.insert` many times, which has poor performance.  Consider joining all columns at once using pd.concat(axis=1) instead. To get a de-fragmented frame, use `newframe = frame.copy()`
  X[c] = s[c].to_numpy(dtype=np.float32)
C:\Users\Cem\Desktop\Datahon_Laptop\Grid-Up-Datathon---TasnifX\experiments\model29\m61_hava.py:372: PerformanceWarning: DataFrame is highly fragmented.  This is usually the result of calling `frame.insert` many times, which has poor performance.  Consider joining all columns at once using pd.concat(axis=1) instead. To get a de-fragmented frame, use `newframe = frame.copy()`
  X[c] = s[c].to_numpy(dtype=np.float32)
C:\Users\Cem\Desktop\Datahon_Laptop\Grid-Up-Datathon---TasnifX\experiments\model29\m61_hava.py:372: PerformanceWarning: DataFrame is highly fragmented.  This is usually the result of calling `frame.insert` many times, which has poor performance.  Consider joining all columns at once using pd.concat(axis=1) instead. To get a de-fragmented frame, use `newframe = frame.copy()`
  X[c] = s[c].to_numpy(dtype=np.float32)
C:\Users\Cem\Desktop\Datahon_Laptop\Grid-Up-Datathon---TasnifX\experiments\model29\m61_hava.py:372: PerformanceWarning: DataFrame is highly fragmented.  This is usually the result of calling `frame.insert` many times, which has poor performance.  Consider joining all columns at once using pd.concat(axis=1) instead. To get a de-fragmented frame, use `newframe = frame.copy()`
  X[c] = s[c].to_numpy(dtype=np.float32)
C:\Users\Cem\Desktop\Datahon_Laptop\Grid-Up-Datathon---TasnifX\experiments\model29\m61_hava.py:372: PerformanceWarning: DataFrame is highly fragmented.  This is usually the result of calling `frame.insert` many times, which has poor performance.  Consider joining all columns at once using pd.concat(axis=1) instead. To get a de-fragmented frame, use `newframe = frame.copy()`
  X[c] = s[c].to_numpy(dtype=np.float32)
C:\Users\Cem\Desktop\Datahon_Laptop\Grid-Up-Datathon---TasnifX\experiments\model29\m61_hava.py:372: PerformanceWarning: DataFrame is highly fragmented.  This is usually the result of calling `frame.insert` many times, which has poor performance.  Consider joining all columns at once using pd.concat(axis=1) instead. To get a de-fragmented frame, use `newframe = frame.copy()`
  X[c] = s[c].to_numpy(dtype=np.float32)
C:\Users\Cem\Desktop\Datahon_Laptop\Grid-Up-Datathon---TasnifX\experiments\model29\m61_hava.py:372: PerformanceWarning: DataFrame is highly fragmented.  This is usually the result of calling `frame.insert` many times, which has poor performance.  Consider joining all columns at once using pd.concat(axis=1) instead. To get a de-fragmented frame, use `newframe = frame.copy()`
  X[c] = s[c].to_numpy(dtype=np.float32)
C:\Users\Cem\Desktop\Datahon_Laptop\Grid-Up-Datathon---TasnifX\experiments\model29\m61_hava.py:372: PerformanceWarning: DataFrame is highly fragmented.  This is usually the result of calling `frame.insert` many times, which has poor performance.  Consider joining all columns at once using pd.concat(axis=1) instead. To get a de-fragmented frame, use `newframe = frame.copy()`
  X[c] = s[c].to_numpy(dtype=np.float32)
C:\Users\Cem\Desktop\Datahon_Laptop\Grid-Up-Datathon---TasnifX\experiments\model29\m61_hava.py:372: PerformanceWarning: DataFrame is highly fragmented.  This is usually the result of calling `frame.insert` many times, which has poor performance.  Consider joining all columns at once using pd.concat(axis=1) instead. To get a de-fragmented frame, use `newframe = frame.copy()`
  X[c] = s[c].to_numpy(dtype=np.float32)
C:\Users\Cem\Desktop\Datahon_Laptop\Grid-Up-Datathon---TasnifX\experiments\model29\m61_hava.py:372: PerformanceWarning: DataFrame is highly fragmented.  This is usually the result of calling `frame.insert` many times, which has poor performance.  Consider joining all columns at once using pd.concat(axis=1) instead. To get a de-fragmented frame, use `newframe = frame.copy()`
  X[c] = s[c].to_numpy(dtype=np.float32)
C:\Users\Cem\Desktop\Datahon_Laptop\Grid-Up-Datathon---TasnifX\experiments\model29\m61_hava.py:372: PerformanceWarning: DataFrame is highly fragmented.  This is usually the result of calling `frame.insert` many times, which has poor performance.  Consider joining all columns at once using pd.concat(axis=1) instead. To get a de-fragmented frame, use `newframe = frame.copy()`
  X[c] = s[c].to_numpy(dtype=np.float32)
C:\Users\Cem\Desktop\Datahon_Laptop\Grid-Up-Datathon---TasnifX\experiments\model29\m61_hava.py:372: PerformanceWarning: DataFrame is highly fragmented.  This is usually the result of calling `frame.insert` many times, which has poor performance.  Consider joining all columns at once using pd.concat(axis=1) instead. To get a de-fragmented frame, use `newframe = frame.copy()`
  X[c] = s[c].to_numpy(dtype=np.float32)
C:\Users\Cem\Desktop\Datahon_Laptop\Grid-Up-Datathon---TasnifX\experiments\model29\m61_hava.py:372: PerformanceWarning: DataFrame is highly fragmented.  This is usually the result of calling `frame.insert` many times, which has poor performance.  Consider joining all columns at once using pd.concat(axis=1) instead. To get a de-fragmented frame, use `newframe = frame.copy()`
  X[c] = s[c].to_numpy(dtype=np.float32)
C:\Users\Cem\Desktop\Datahon_Laptop\Grid-Up-Datathon---TasnifX\experiments\model29\m61_hava.py:372: PerformanceWarning: DataFrame is highly fragmented.  This is usually the result of calling `frame.insert` many times, which has poor performance.  Consider joining all columns at once using pd.concat(axis=1) instead. To get a de-fragmented frame, use `newframe = frame.copy()`
  X[c] = s[c].to_numpy(dtype=np.float32)
C:\Users\Cem\Desktop\Datahon_Laptop\Grid-Up-Datathon---TasnifX\experiments\model29\m61_hava.py:372: PerformanceWarning: DataFrame is highly fragmented.  This is usually the result of calling `frame.insert` many times, which has poor performance.  Consider joining all columns at once using pd.concat(axis=1) instead. To get a de-fragmented frame, use `newframe = frame.copy()`
  X[c] = s[c].to_numpy(dtype=np.float32)
C:\Users\Cem\Desktop\Datahon_Laptop\Grid-Up-Datathon---TasnifX\experiments\model29\m61_hava.py:372: PerformanceWarning: DataFrame is highly fragmented.  This is usually the result of calling `frame.insert` many times, which has poor performance.  Consider joining all columns at once using pd.concat(axis=1) instead. To get a de-fragmented frame, use `newframe = frame.copy()`
  X[c] = s[c].to_numpy(dtype=np.float32)
C:\Users\Cem\Desktop\Datahon_Laptop\Grid-Up-Datathon---TasnifX\experiments\model29\m61_hava.py:372: PerformanceWarning: DataFrame is highly fragmented.  This is usually the result of calling `frame.insert` many times, which has poor performance.  Consider joining all columns at once using pd.concat(axis=1) instead. To get a de-fragmented frame, use `newframe = frame.copy()`
  X[c] = s[c].to_numpy(dtype=np.float32)
C:\Users\Cem\Desktop\Datahon_Laptop\Grid-Up-Datathon---TasnifX\experiments\model29\m61_hava.py:372: PerformanceWarning: DataFrame is highly fragmented.  This is usually the result of calling `frame.insert` many times, which has poor performance.  Consider joining all columns at once using pd.concat(axis=1) instead. To get a de-fragmented frame, use `newframe = frame.copy()`
  X[c] = s[c].to_numpy(dtype=np.float32)
C:\Users\Cem\Desktop\Datahon_Laptop\Grid-Up-Datathon---TasnifX\experiments\model29\m61_hava.py:372: PerformanceWarning: DataFrame is highly fragmented.  This is usually the result of calling `frame.insert` many times, which has poor performance.  Consider joining all columns at once using pd.concat(axis=1) instead. To get a de-fragmented frame, use `newframe = frame.copy()`
  X[c] = s[c].to_numpy(dtype=np.float32)
C:\Users\Cem\Desktop\Datahon_Laptop\Grid-Up-Datathon---TasnifX\experiments\model29\m61_hava.py:373: PerformanceWarning: DataFrame is highly fragmented.  This is usually the result of calling `frame.insert` many times, which has poor performance.  Consider joining all columns at once using pd.concat(axis=1) instead. To get a de-fragmented frame, use `newframe = frame.copy()`
  X["d_guc_payi"] = (X.guc / X["d_ilce_toplam_guc"]).astype(np.float32)
C:\Users\Cem\Desktop\Datahon_Laptop\Grid-Up-Datathon---TasnifX\experiments\model29\m61_hava.py:374: PerformanceWarning: DataFrame is highly fragmented.  This is usually the result of calling `frame.insert` many times, which has poor performance.  Consider joining all columns at once using pd.concat(axis=1) instead. To get a de-fragmented frame, use `newframe = frame.copy()`
  X["d_guc_medyan_orani"] = (X.guc / X["d_ilce_guc_medyan"]).astype(np.float32)
C:\Users\Cem\Desktop\Datahon_Laptop\Grid-Up-Datathon---TasnifX\experiments\model29\m61_hava.py:380: PerformanceWarning: DataFrame is highly fragmented.  This is usually the result of calling `frame.insert` many times, which has poor performance.  Consider joining all columns at once using pd.concat(axis=1) instead. To get a de-fragmented frame, use `newframe = frame.copy()`
  X[c] = d[c].to_numpy(dtype=np.float32)
C:\Users\Cem\Desktop\Datahon_Laptop\Grid-Up-Datathon---TasnifX\experiments\model29\m61_hava.py:380: PerformanceWarning: DataFrame is highly fragmented.  This is usually the result of calling `frame.insert` many times, which has poor performance.  Consider joining all columns at once using pd.concat(axis=1) instead. To get a de-fragmented frame, use `newframe = frame.copy()`
  X[c] = d[c].to_numpy(dtype=np.float32)
C:\Users\Cem\Desktop\Datahon_Laptop\Grid-Up-Datathon---TasnifX\experiments\model29\m61_hava.py:380: PerformanceWarning: DataFrame is highly fragmented.  This is usually the result of calling `frame.insert` many times, which has poor performance.  Consider joining all columns at once using pd.concat(axis=1) instead. To get a de-fragmented frame, use `newframe = frame.copy()`
  X[c] = d[c].to_numpy(dtype=np.float32)
C:\Users\Cem\Desktop\Datahon_Laptop\Grid-Up-Datathon---TasnifX\experiments\model29\m61_hava.py:380: PerformanceWarning: DataFrame is highly fragmented.  This is usually the result of calling `frame.insert` many times, which has poor performance.  Consider joining all columns at once using pd.concat(axis=1) instead. To get a de-fragmented frame, use `newframe = frame.copy()`
  X[c] = d[c].to_numpy(dtype=np.float32)
C:\Users\Cem\Desktop\Datahon_Laptop\Grid-Up-Datathon---TasnifX\experiments\model29\m61_hava.py:380: PerformanceWarning: DataFrame is highly fragmented.  This is usually the result of calling `frame.insert` many times, which has poor performance.  Consider joining all columns at once using pd.concat(axis=1) instead. To get a de-fragmented frame, use `newframe = frame.copy()`
  X[c] = d[c].to_numpy(dtype=np.float32)
C:\Users\Cem\Desktop\Datahon_Laptop\Grid-Up-Datathon---TasnifX\experiments\model29\m61_hava.py:383: PerformanceWarning: DataFrame is highly fragmented.  This is usually the result of calling `frame.insert` many times, which has poor performance.  Consider joining all columns at once using pd.concat(axis=1) instead. To get a de-fragmented frame, use `newframe = frame.copy()`
  X[c] = g[c].to_numpy(dtype=np.float32)
C:\Users\Cem\Desktop\Datahon_Laptop\Grid-Up-Datathon---TasnifX\experiments\model29\m61_hava.py:383: PerformanceWarning: DataFrame is highly fragmented.  This is usually the result of calling `frame.insert` many times, which has poor performance.  Consider joining all columns at once using pd.concat(axis=1) instead. To get a de-fragmented frame, use `newframe = frame.copy()`
  X[c] = g[c].to_numpy(dtype=np.float32)
C:\Users\Cem\Desktop\Datahon_Laptop\Grid-Up-Datathon---TasnifX\experiments\model29\m61_hava.py:387: PerformanceWarning: DataFrame is highly fragmented.  This is usually the result of calling `frame.insert` many times, which has poor performance.  Consider joining all columns at once using pd.concat(axis=1) instead. To get a de-fragmented frame, use `newframe = frame.copy()`
  X[c] = s[c].to_numpy(dtype=np.float32)
C:\Users\Cem\Desktop\Datahon_Laptop\Grid-Up-Datathon---TasnifX\experiments\model29\m61_hava.py:387: PerformanceWarning: DataFrame is highly fragmented.  This is usually the result of calling `frame.insert` many times, which has poor performance.  Consider joining all columns at once using pd.concat(axis=1) instead. To get a de-fragmented frame, use `newframe = frame.copy()`
  X[c] = s[c].to_numpy(dtype=np.float32)
C:\Users\Cem\Desktop\Datahon_Laptop\Grid-Up-Datathon---TasnifX\experiments\model29\m61_hava.py:390: PerformanceWarning: DataFrame is highly fragmented.  This is usually the result of calling `frame.insert` many times, which has poor performance.  Consider joining all columns at once using pd.concat(axis=1) instead. To get a de-fragmented frame, use `newframe = frame.copy()`
  X[c] = meta.tanim.map(eg[c]).to_numpy(dtype=np.float32)
C:\Users\Cem\Desktop\Datahon_Laptop\Grid-Up-Datathon---TasnifX\experiments\model29\m61_hava.py:390: PerformanceWarning: DataFrame is highly fragmented.  This is usually the result of calling `frame.insert` many times, which has poor performance.  Consider joining all columns at once using pd.concat(axis=1) instead. To get a de-fragmented frame, use `newframe = frame.copy()`
  X[c] = meta.tanim.map(eg[c]).to_numpy(dtype=np.float32)
C:\Users\Cem\Desktop\Datahon_Laptop\Grid-Up-Datathon---TasnifX\experiments\model29\m61_hava.py:391: PerformanceWarning: DataFrame is highly fragmented.  This is usually the result of calling `frame.insert` many times, which has poor performance.  Consider joining all columns at once using pd.concat(axis=1) instead. To get a de-fragmented frame, use `newframe = frame.copy()`
  X["t_cdd_etki"] = (X.t_egim_cdd22 * X.cdd22_ort7).astype(np.float32)
C:\Users\Cem\Desktop\Datahon_Laptop\Grid-Up-Datathon---TasnifX\experiments\model29\m61_hava.py:392: PerformanceWarning: DataFrame is highly fragmented.  This is usually the result of calling `frame.insert` many times, which has poor performance.  Consider joining all columns at once using pd.concat(axis=1) instead. To get a de-fragmented frame, use `newframe = frame.copy()`
  X["t_hdd_etki"] = (X.t_egim_hdd18 * X.hdd18_ort7).astype(np.float32)
  F HEPSI                    oz 183 tur  130 RMSLE 1.2242 soguk 2.0419 sicak 0.8448 | karisik 1.2163  (396s)

===== OZET (taban - aile, + = kazanc) =====
  TABAN (dis veri yok)       {'2025-11-30': 0.0, '2025-09-30': 0.0}
  A sicaklik                 {'2025-11-30': 0.0182, '2025-09-30': 0.029}
  B gunes/gun uzunlugu       {'2025-11-30': 0.0001, '2025-09-30': 0.0156}
  C nem/toprak/yagis         {'2025-11-30': 0.0109, '2025-09-30': 0.0261}
  D statik ilce              {'2025-11-30': -0.0007, '2025-09-30': -0.0034}
  E turizm/su                {'2025-11-30': 0.0018, '2025-09-30': 0.0098}
  G trafo x sicaklik         {'2025-11-30': 0.0066, '2025-09-30': 0.021}
  F HEPSI                    {'2025-11-30': 0.0171, '2025-09-30': 0.0277}
